a,b,sse,sae,0.01,0.1,0.2,0.3,0.4,0.5,0.6,0.7,0.8,0.9,0.99
2.5394475110489054,11.786720536590025,327.3303144856095,114.25554200019101,6432,6827,6579,6847,6276,6080,5715,5209,3888,72,12
2.226580245914377,13.937355384985977,1428.5896035488029,204.0088900631596,1577,1920,2413,2047,2675,2781,3331,3644,3527,68,15
3.1272569908582,2.622158122991209,3926.1621963451853,328.3843465832266,577,775,608,650,750,820,856,1064,1748,69,12
3.4495980367642147,1.6577966110221922,7386.193091197635,455.7867362168414,302,271,284,406,284,310,88,79,513,76,13
2.3023001859745023,24.808045205558656,10470.01516457364,648.1298534279048,0,0,0,0,0,0,0,0,179,86,14
2.391528958568017,-15.483253825404205,24644.15508264636,1003.8134068415724,0,0,0,0,0,0,0,0,19,71,11
0.597973664437589,-0.9937656413356848,24860.51141938447,851.7216929240328,112,81,67,24,13,7,9,3,62,47,11
1.1713037667087747,29.879256464348117,28007.266695944465,886.4222723872128,18,2,2,3,1,1,1,1,58,66,8
-0.054826035609849555,25.255487188686686,48299.63646800369,1177.04557491345,42,9,12,12,0,1,0,0,4,76,11
0.8043076004505849,38.13402912783201,51305.097159802535,1212.9999530227533,0,0,0,0,0,0,0,0,1,63,10
2.753365917153843,47.761239908014915,61968.2577004519,1589.210836228611,0,0,0,0,0,0,0,0,0,65,13
-0.7507320882619268,-7.838382861116287,72280.8439219029,1453.0077258944307,0,0,0,0,0,0,0,0,1,79,9
1.4630058903966727,50.14683979958329,75588.1073816359,1687.020431782915,0,0,0,0,0,0,0,0,0,54,6
6.0753921155977935,16.80181057754686,75872.47937860551,1519.2213887452208,9,20,12,3,0,0,0,0,0,72,10
6.387581835459329,1.1272976255873601,89291.45625695707,1648.8223917522257,6,26,11,1,0,0,0,0,0,80,13
6.541243689049068,-6.283190337794636,103320.2863645126,1755.809757496582,11,9,5,4,1,0,0,0,0,84,11
6.284693489095389,33.52850022587609,106886.75384530483,1749.4846418144461,10,3,0,0,0,0,0,0,0,64,11
-0.6847614139425531,43.49387545830973,107002.05342332115,1711.6474229466958,0,0,0,0,0,0,0,0,0,58,11
7.000776630292663,10.629810611176225,116384.03177078687,1891.9559953340947,0,19,1,0,0,0,0,0,0,65,14
4.561962903037653,-40.26312674122894,123905.78832672772,2019.7881963903865,0,0,0,0,0,0,0,0,0,53,9
1.1842122887524056,-44.56246287432286,127564.08110383464,2196.0609778472367,0,0,0,0,0,0,0,0,0,82,9
0.9240654194620816,63.02288718239507,133913.0565846494,2214.938374478197,0,0,0,0,0,0,0,0,0,78,7
7.473467916510785,12.336295415812032,142437.4646402309,2092.1928203503417,216,13,3,0,0,0,0,0,0,76,11
2.8474430188872617,-51.34586876279626,149999.49252508566,2474.1806192746462,0,0,0,0,0,0,0,0,0,64,6
7.186643495566457,-16.173418394914037,152058.70118213433,2104.6985656149727,8,0,1,2,0,0,0,0,0,68,6
-2.891644519096289,15.409545610800635,168545.20103294228,2272.9360458146507,240,5,0,1,0,0,0,0,0,64,13
-3.26968991624193,16.191457514280657,193201.10623617892,2433.3047575319683,3,0,0,0,0,0,0,0,0,60,16
-3.3582565069634853,9.512040843885217,197002.78140877938,2460.9797737685485,271,4,0,0,0,0,0,0,0,69,5
0.3548739512950334,74.66530815645876,203202.2279967293,2692.2776344148097,0,0,0,0,0,0,0,0,0,67,11
5.495302261106346,74.74987093764938,228743.2032081512,2695.7447084436244,0,0,0,0,0,0,0,0,0,70,16
-3.9857035383889468,26.913026598470836,254605.30862499744,2774.646397885378,0,0,0,0,0,0,0,0,0,60,11
-3.1350626079393606,-34.76349234979233,260792.53538623863,2707.6151745368124,12,1,0,0,0,0,0,0,0,64,5
7.511652868611577,-44.4611591441179,261351.5711074963,2676.2967312960645,0,0,0,0,0,0,0,0,0,61,15
8.851145825592695,-17.985967552669834,261392.62616509962,2783.332038211106,0,0,0,0,0,0,0,0,0,71,10
5.016490343736081,-65.14467110352766,261744.55612673314,3039.9315152446334,0,0,0,0,0,0,0,0,0,75,8
8.841233102028397,37.43909718022658,263972.5740249376,2792.445115433398,0,0,0,0,0,0,0,0,0,77,11
9.315682702008928,15.941470912564569,268618.810941851,2869.779782177425,0,6,0,0,0,0,0,0,0,68,10
8.796402170958785,-24.121881799400626,272539.88612440106,2819.9375464673335,0,0,0,0,0,0,0,0,0,61,12
-4.427545518160628,0.8822479182795604,278169.50469478697,2920.0672828363035,0,1,0,0,0,0,0,0,0,70,11
6.80048674095211,-56.00775511559477,279422.9660721967,2789.328021954818,43,1,0,0,0,0,0,0,0,61,17
4.029427331563994,90.82828610014133,287957.31395450054,3354.959730105794,0,0,0,0,0,0,0,0,0,80,7
7.986312865241516,-44.106289068053826,288403.2651112729,2819.5027378227232,0,0,0,0,0,0,0,0,0,71,10
9.679913420758496,8.681194331200174,295907.8067470677,3015.8824423873675,0,0,0,0,0,0,0,0,0,67,14
-1.3307982765650763,81.00665158287563,296817.8613603963,2963.0483741384755,0,0,0,0,0,0,0,0,0,63,8
-4.004595880050289,45.82593001335928,298460.17978558585,2941.8776233665644,0,0,0,0,0,0,0,0,0,72,14
-2.414878674353531,71.6049295817661,299350.0914074044,2862.6512095734847,0,0,0,0,0,0,0,0,0,85,10
8.073756128983973,-48.54493336101455,314091.3809685859,2936.308000566338,0,0,0,0,0,0,0,0,0,82,11
5.025391975044343,91.47094194063095,315467.1574101012,3381.308619565869,0,0,0,0,0,0,0,0,0,77,9
4.420516599481132,94.14296260614515,318393.61154639465,3490.8614668519513,0,0,0,0,0,0,0,0,0,86,16
9.47785084705697,42.02755534904841,324206.5059329737,3088.388336964225,0,0,0,0,0,0,0,0,0,64,14
9.831724340706288,28.569324564712048,324250.3005992037,3133.1804998759635,0,0,0,0,0,0,0,0,0,73,10
9.687594289043773,36.58321303215658,327731.25623902597,3125.6209611549557,0,0,0,0,0,0,0,0,0,56,9
0.8751374359528228,-79.721744849641,337888.0921164776,3637.5915388352814,0,0,0,0,0,0,0,0,0,71,4
10.004574378353581,-17.81577246264743,352751.4858488912,3249.5767536067933,0,0,0,0,0,0,0,0,0,82,9
4.7139416490304455,-81.57809716508812,364514.88509726286,3713.7019837686134,0,0,0,0,0,0,0,0,0,57,7
8.409376277889692,-57.053166032556234,379328.82914365636,3221.1231867810247,0,0,0,0,0,0,0,0,0,76,18
10.591783226510842,-10.146671783325374,390868.1228605082,3445.7316146921157,0,0,0,0,0,0,0,0,0,65,9
-2.9812239803239606,-66.39219482731586,405494.8103671043,3340.1205676546306,22,1,1,0,0,0,0,0,0,62,13
8.902905543430009,-56.19586698782979,409594.4685091045,3354.013925207729,0,0,0,0,0,0,0,0,0,61,12
-5.717700566289068,-17.96027911740498,417426.78156148095,3541.543784867774,0,1,0,0,0,0,0,0,0,65,9
0.026265657231718365,-88.11688014331654,421824.3603355372,3981.792085875978,0,0,0,0,0,0,0,0,0,39,12
11.033675824984684,-8.255491742278352,430215.42831920827,3619.219250255051,0,0,0,0,0,0,0,0,0,73,14
0.2478076807542493,-90.72383083200933,436853.9450623309,4088.6770641123817,0,0,0,0,0,0,0,0,0,0,11
-0.7778857922113644,-86.67971938152556,437012.5891693504,3922.8684946425483,0,0,0,0,0,0,0,0,0,30,9
11.227956772059471,-6.375988619080246,446950.558908326,3694.4138965780994,0,0,0,0,0,0,0,0,0,67,10
9.509164599793081,72.55049946271663,447582.25460172753,3520.4838077233326,11,0,0,0,0,0,0,0,0,73,14
-3.941772328872389,80.53635638660396,448004.97411844897,3500.5666276071383,0,0,0,0,0,0,0,0,0,61,14
0.6886859856497125,-93.66125815806913,450944.8185427657,4209.1115844808355,0,0,0,0,0,0,0,0,0,0,17
-5.6651579319577365,-34.904843688431825,461717.7225404137,3667.3648740362673,0,0,0,0,0,0,0,0,0,80,11
-1.2520858976641875,-87.98861474015551,466487.01982679253,3976.533204346375,0,0,0,0,0,0,0,0,0,28,14
-6.261568872361394,-16.799720344096272,467922.2598266349,3756.2881148780984,0,4,1,0,0,0,0,0,0,62,14
-6.552390329494642,-1.638978354946758,475009.42596692935,3815.816092793601,0,0,0,0,0,0,0,0,0,58,8
-3.740359583767301,-69.35791223283225,475266.04238629004,3606.402735935373,0,0,0,0,0,0,0,0,0,64,8
-5.877059751612606,-33.09910792011233,475470.9770656242,3730.143490250152,7,0,0,0,0,0,0,0,0,66,13
8.577962781832454,91.71740579739725,492573.90334983735,3679.9250986058505,0,0,0,0,0,0,0,0,0,69,13
-6.630450115931666,30.275274728197274,497073.9147991962,3886.382721636696,0,0,0,0,0,0,0,0,0,66,17
10.584308682246643,65.26424855971561,504936.001338498,3787.3039131655346,13,1,0,0,0,0,0,0,0,83,10
10.090734221844173,-56.99694581492321,509313.943325936,3763.5235880554665,0,0,0,0,0,0,0,0,0,60,11
-6.968959326046658,28.22549182107298,529809.6356894389,4016.2766200886817,0,0,0,0,0,0,0,0,0,60,13
-6.643797921429567,-31.07775968666411,545771.1917379557,4018.2190057518037,0,0,0,0,0,0,0,0,0,87,15
-7.145864002092296,-10.198605080667406,549177.097989757,4089.566968116582,0,0,0,0,0,0,0,0,0,74,14
11.77679961513114,46.25721045502644,550890.8126764616,4046.0347401476934,0,0,0,0,0,0,0,0,0,51,10
9.2527395665346,-75.67464098232082,555702.6699356386,3899.5892701231546,0,0,0,0,0,0,0,0,0,61,13
11.772797236177482,48.68108300623285,558110.6939583658,4066.2486415270882,0,0,0,0,0,0,0,0,0,65,13
12.552902894019269,-1.8490848386687304,584915.1251796767,4234.6606642160605,0,0,0,0,0,0,0,0,0,65,12
-3.890226924630923,-85.30158270480499,598997.2293769937,4076.693552611838,42,0,0,0,0,0,0,0,0,35,8
-6.251784190850799,-53.78613554627849,601274.041733579,4127.441478663867,0,0,0,0,0,0,0,0,0,61,11
12.576050709990511,36.255961851602905,613222.205719821,4307.764803194086,0,0,0,0,0,0,0,0,0,55,8
-5.192420402936548,91.60810575192022,619442.988275391,4119.420545700654,0,0,0,0,0,0,0,0,0,48,13
9.934637043480251,95.82535957756261,626356.1382346723,4138.158738806253,0,0,0,0,0,0,0,0,0,51,11
-7.242458320100425,56.35999984280667,636776.6892319882,4323.22332662543,0,0,0,0,0,0,0,0,0,81,12
12.446305165120194,51.632970253344865,642372.7584099049,4362.218798328182,0,0,0,0,0,0,0,0,0,67,8
9.315055787453247,-88.76927059758917,658506.2573167831,4266.470562695267,0,0,0,0,0,0,0,0,0,0,12
-8.052042955810364,32.76144784524041,662272.6670586586,4487.353022931693,0,0,0,0,0,0,0,0,0,69,11
12.322812841032402,62.31330218809629,670373.7589092891,4417.343332071697,0,0,0,0,0,0,0,0,0,56,12
-5.535124559979792,95.58596126483323,677975.1974401643,4309.1938001552335,0,0,0,0,0,0,0,0,0,40,11
-6.793393535345274,-64.32359372692424,716177.8432103294,4482.6491527695425,7,0,0,0,0,0,0,0,0,53,17
11.73537712769081,-65.72540374040001,718516.4990952694,4484.243104023202,0,0,0,0,0,0,0,0,0,57,17
11.78843023052913,86.01536375603325,738404.1499195576,4541.634904076704,0,0,0,0,0,0,0,0,0,71,13
13.773988058955496,34.137515135094276,755477.7921187751,4793.118632083047,0,0,0,0,0,0,0,0,0,76,12
-8.68439074527285,48.52578192302937,782073.807910206,4839.911897532528,0,0,0,0,0,0,0,0,0,60,18
-8.858867815423338,-26.91194436504351,793473.4376682104,4885.801679248027,0,0,0,0,0,0,0,0,0,66,7
-8.596737412862737,58.7750444696951,808389.4732759236,4886.670365372351,0,0,0,0,0,0,0,0,0,60,9
-7.96963355953379,75.8562821829129,812440.1833992315,4826.653153881641,0,0,0,0,0,0,0,0,0,73,12
-9.521520805607622,6.596118540863017,829764.2891220837,5051.442619814339,0,0,0,0,0,0,0,0,0,58,11
14.180689895783999,44.78005443185063,835645.7884750341,5016.181858502827,0,0,0,0,0,0,0,0,0,77,10
14.181522925882945,-36.5534363905633,868348.5312084643,5084.935408494184,0,0,0,0,0,0,0,0,0,63,12
13.846652524911065,66.55148242865536,874804.1433301144,5058.260791430524,0,0,0,0,0,0,0,0,0,57,11
14.810432573844352,20.284741483247785,875099.5068947577,5181.666422497876,0,0,0,0,0,0,0,0,0,76,10
12.725674697074666,94.41862172803255,899349.7665342415,5010.651363958537,0,0,0,0,0,0,0,0,0,42,14
-9.498464602927001,52.10026546620935,902511.4454445196,5197.075416257681,0,0,0,0,0,0,0,0,0,77,11
-6.85910377654298,-91.55130453503173,917315.9654821447,5012.8995659639895,0,0,0,0,0,0,0,0,0,0,13
-10.0154933327874,-16.665919444616577,926107.9873623227,5309.743836997069,0,0,0,0,0,0,0,0,0,72,14
-6.868280644787774,-92.88179191774478,929345.1565539564,5043.684630156851,0,0,0,0,0,0,0,0,0,0,16
-7.9263529299936835,95.34565200359458,929667.1517322827,5096.246903698909,0,0,0,0,0,0,0,0,0,40,13
-8.22909364887154,-77.13172720153514,964916.8576802138,5197.963952233393,0,0,0,0,0,0,0,0,0,44,13
-8.728349272953409,-70.09072936753269,980144.3315972075,5273.480075868029,0,0,0,0,0,0,0,0,0,58,9
-7.20567551156266,-96.81649441015581,999791.1372186242,5230.905791197697,9,0,0,0,0,0,0,0,0,0,9
15.549771688664137,33.546386331998065,1002205.6744250804,5528.443724857603,0,0,0,0,0,0,0,0,0,56,8
12.435161379014886,-95.50269087113278,1014333.965910985,5274.456535788403,0,0,0,0,0,0,0,0,0,0,7
-7.916169609940965,-92.31124336207226,1043593.1121234817,5362.24959515989,0,0,0,0,0,0,0,0,0,0,5
15.849623048222867,39.38280047978958,1060787.0771049347,5678.6579443632145,0,0,0,0,0,0,0,0,0,72,15
16.120273132136177,-5.6780384780561945,1073671.200069601,5737.3082846670895,0,0,0,0,0,0,0,0,0,73,12
16.120499805468697,-15.398381405748836,1089279.9274414717,5766.56406290316,0,0,0,0,0,0,0,0,0,57,15
16.09768324867727,-18.92114233602136,1093271.9188212806,5769.046576632496,0,0,0,0,0,0,0,0,0,71,10
-10.782127649254434,54.23973666432934,1096533.5961866241,5735.7862375461145,0,0,0,0,0,0,0,0,0,72,12
15.790159897802482,58.05189755551049,1112496.364432211,5765.748521191985,0,0,0,0,0,0,0,0,0,53,18
16.42117597280084,0.6438953166752981,1115269.8701776718,5855.250013259677,0,0,0,0,0,0,0,0,0,70,7
16.218186830862663,40.323700932839444,1120430.9944231734,5835.94785264134,0,0,0,0,0,0,0,0,0,74,17
-11.280348299557843,-33.73894751455582,1164905.8387566376,5921.554738821493,0,0,0,0,0,0,0,0,0,70,13
16.541118430831588,40.931576230042054,1173462.9069487196,5972.680911514486,0,0,0,0,0,0,0,0,0,76,18
-10.735901019962142,73.84553229692997,1177987.9605645076,5877.970198657226,0,0,0,0,0,0,0,0,0,63,11
16.68320897670506,-19.644462905044207,1188318.7283331885,6015.070830881115,0,0,0,0,0,0,0,0,0,67,14
16.706531346583176,-20.967655770883425,1195299.034942814,6031.342256339852,0,0,0,0,0,0,0,0,0,68,11
16.95081098186992,18.596044163771566,1202436.3309209389,6078.936656549138,0,0,0,0,0,0,0,0,0,54,8
-10.695509436998464,81.83818402292252,1216978.6769150372,5947.468704681549,0,0,0,0,0,0,0,0,0,35,11
16.729610726089177,48.91412060314997,1227564.2728924595,6090.629443616669,0,0,0,0,0,0,0,0,0,81,8
14.973358971883783,99.96683655318876,1232329.6658503357,5904.805214063528,0,0,0,0,0,0,0,0,0,20,13
16.18538593369898,71.91736553645654,1237345.7743335725,6040.410663307701,0,0,0,0,0,0,0,0,0,66,4
14.223952226935026,-95.79574413449723,1239237.1279404939,5861.463025259842,0,0,0,0,0,0,0,0,0,0,16
15.36648357128081,-75.0450699851209,1239842.8584137827,5956.116699750717,0,0,0,0,0,0,0,0,0,17,15
-11.375429916397437,-50.4066800151828,1249803.466641758,6084.832086695621,0,0,0,0,0,0,0,0,0,56,9
17.065964247446004,-36.264964621891,1301845.9828992665,6259.768165311207,0,0,0,0,0,0,0,0,0,59,8
15.641119116074393,-80.2201463351019,1317604.541709529,6127.204928232444,0,0,0,0,0,0,0,0,0,14,13
15.43678566293272,-86.28497887919906,1332897.1448773036,6138.264664495496,0,0,0,0,0,0,0,0,0,3,7
15.767547527196484,98.30333331345918,1337378.1707747227,6176.0762983552395,0,0,0,0,0,0,0,0,0,14,10
16.72904362545735,81.59898814903417,1378248.1538130748,6347.915883567742,0,0,0,0,0,0,0,0,0,43,13
-11.483696918869342,88.64908346646908,1382524.3308168796,6329.7817164902035,0,0,0,0,0,0,0,0,0,19,15
16.249823390211233,96.36433252001834,1398124.4627872813,6333.169564260084,0,0,0,0,0,0,0,0,0,16,14
17.270449336034787,-52.435995846223406,1407023.4814075509,6461.103697029925,0,0,0,0,0,0,0,0,0,44,15
17.096770538102504,76.57973395233776,1410245.014298998,6446.925820812042,0,0,0,0,0,0,0,0,0,43,11
-12.138607847852882,-58.37803118057139,1416149.7025278546,6461.845419766295,0,0,0,0,0,0,0,0,0,40,8
-12.773207470222616,62.01344615011891,1454202.217680557,6602.5627709016635,0,0,0,0,0,0,0,0,0,55,7
18.146413162931665,-26.13422633671223,1455821.7737974783,6653.286181137271,0,0,0,0,0,0,0,0,0,61,10
17.524654284087475,-60.45538551928728,1493535.0303683837,6634.960183308578,0,0,0,0,0,0,0,0,0,26,14
-11.465776143888192,-87.79230109805007,1503664.9965749476,6537.363296664386,0,0,0,0,0,0,0,0,0,2,9
17.617541748456716,80.40897813903231,1520888.921797037,6689.697502633978,0,0,0,0,0,0,0,0,0,28,12
-13.569738864230345,-30.00767470015333,1544663.097230579,6847.91026329213,0,0,0,0,0,0,0,0,0,63,10
18.142518673143144,75.52001517718872,1585932.7703095973,6855.687605851956,0,0,0,0,0,0,0,0,0,35,11
-12.738222251847972,-70.4807336934243,1591852.2840233888,6817.194748848377,0,0,0,0,0,0,0,0,0,15,6
19.035906769007212,-40.8682235013283,1671484.2890670488,7095.727526264241,0,0,0,0,0,0,0,0,0,41,15
17.96076400528605,97.2037055417644,1691037.8241430635,6999.938723020969,0,0,0,0,0,0,0,0,0,7,12
-13.689860609419725,-59.66314548580578,1697820.2362792098,7093.912553140141,0,0,0,0,0,0,0,0,0,25,11
-14.544197788237284,43.61706497580491,1716628.841812835,7229.383209209262,0,0,0,0,0,0,0,0,0,39,12
19.946502871154408,15.262601319421407,1748751.881553289,7333.793807204273,0,0,0,0,0,0,0,0,0,55,12
-13.968828372289693,94.54451548977772,1856848.4770126746,7363.832735580534,0,0,0,0,0,0,0,0,0,1,4
-14.620644769779133,75.21364160994838,1862242.6796365005,7448.718557339526,0,0,0,0,0,0,0,0,0,13,18
19.407136427678424,82.74395453434315,1863751.2489818046,7426.550161880458,0,0,0,0,0,0,0,0,0,6,12
-15.69556344363265,22.83695505076264,1908240.6709675873,7655.973601376479,0,0,0,0,0,0,0,0,0,44,13
20.13569880102186,-48.57928884941758,1921172.9411106794,7598.420132762842,0,0,0,0,0,0,0,0,0,16,10
-14.852031010778319,-60.949740915067665,1928885.3227598206,7570.360072546935,0,0,0,0,0,0,0,0,0,9,11
-14.461164010763099,-87.07994869632105,2029775.0438050253,7671.73339985714,0,0,0,0,0,0,0,0,0,0,8
-15.963713118049824,53.16570618650991,2036790.9438074813,7864.805761805175,0,0,0,0,0,0,0,0,0,18,10
-16.51715112500824,3.2420864451451905,2077241.9881801608,7992.961386058316,0,0,0,0,0,0,0,0,0,53,6
-15.728747101301991,73.88932775189824,2079964.26696954,7891.554111594502,0,0,0,0,0,0,0,0,0,8,5
21.464908952633152,42.821334114682344,2111392.1971719335,8028.795944544706,0,0,0,0,0,0,0,0,0,33,8
-16.625657970399573,26.412940888152292,2112070.781601413,8050.189288455976,0,0,0,0,0,0,0,0,0,53,13
-15.35418192858684,-75.00216181914567,2119061.0936281886,7897.692227807048,0,0,0,0,0,0,0,0,0,0,17
21.74431397276446,-5.176324822100582,2134012.0760245463,8096.788193383174,0,0,0,0,0,0,0,0,0,49,16
21.54080288874887,46.84743314729312,2139779.0385099873,8072.597906938908,0,0,0,0,0,0,0,0,0,21,8
-16.803052532977006,-6.36111498647773,2148443.502900334,8122.64317883682,0,0,0,0,0,0,0,0,0,21,9
19.832586095080075,-92.7652061849685,2149004.86865154,7879.125845115883,0,0,0,0,0,0,0,0,0,0,15
20.89381352538453,-64.77250072678957,2165165.494680844,8021.477916694918,0,0,0,0,0,0,0,0,0,4,11
21.29054983922633,67.35681564597846,2166332.7763408627,8075.0420439261925,0,0,0,0,0,0,0,0,0,13,10
-14.928120588038539,-94.20804843143775,2180192.0344092273,7932.255562080844,0,0,0,0,0,0,0,0,0,0,5
21.305844576546292,-53.02688405738385,2187747.904142211,8106.972775632573,0,0,0,0,0,0,0,0,0,5,8
21.632300532326894,58.75385206239622,2202591.139401163,8169.541680695315,0,0,0,0,0,0,0,0,0,13,12
-17.1115607648088,20.087890811771175,2212721.025955267,8247.943412031467,0,0,0,0,0,0,0,0,0,47,12
20.747411966107762,-76.96899744355403,2214253.9788447367,8072.685763435091,0,0,0,0,0,0,0,0,0,0,17
-16.923426431414043,-39.65010229583144,2262567.028081008,8284.549054084571,0,0,0,0,0,0,0,0,0,16,7
-16.207471655719786,88.36445187316414,2267072.2706687097,8197.268729146392,0,0,0,0,0,0,0,0,0,2,10
-17.106171266611383,-40.69701610656187,2307728.732768636,8365.439984909923,0,0,0,0,0,0,0,0,0,5,9
-17.538026770692355,21.66569042284941,2311316.4550629104,8428.636934113634,0,0,0,0,0,0,0,0,0,29,6
22.120864563887594,-41.903797082763596,2316014.65144074,8377.556914863284,0,0,0,0,0,0,0,0,0,8,11
-17.639380433240717,-1.7350927170475074,2332838.1887491345,8469.274874678149,0,0,0,0,0,0,0,0,0,24,16
22.698239678244207,-18.244870068831773,2372175.0069606127,8524.598795712573,0,0,0,0,0,0,0,0,0,18,11
-16.907761391923344,-64.95047838265116,2386250.904265008,8436.019996583282,0,0,0,0,0,0,0,0,0,1,8
-17.12859586326583,-59.568419667210115,2404284.1469360143,8488.446049882928,0,0,0,0,0,0,0,0,0,0,17
21.684873857796717,-76.51481039063506,2412484.96419514,8443.582836634403,0,0,0,0,0,0,0,0,0,0,8
-17.645030828819102,-49.56861328188176,2470061.394052241,8632.885829540519,0,0,0,0,0,0,0,0,0,2,9
-16.523436548127506,-91.02340914294152,2487447.1101372633,8519.397754342084,0,0,0,0,0,0,0,0,0,0,7
-18.378189958950728,12.022893121901973,2502433.8568179416,8771.86267588121,0,0,0,0,0,0,0,0,0,18,9
-18.583821738692436,27.227497948104556,2565209.983424804,8873.432628198927,0,0,0,0,0,0,0,0,0,11,7
23.573220468420402,35.03978450689439,2576823.649490931,8886.72550932041,0,0,0,0,0,0,0,0,0,9,10
23.56130005070851,37.410837367738964,2579233.988278473,8888.855933299374,0,0,0,0,0,0,0,0,0,2,15
23.564511152639312,38.80470561375904,2583337.376317719,8894.37977864451,0,0,0,0,0,0,0,0,0,10,10
-18.747021818601837,-5.459899694084697,2599814.9102249006,8938.209063506854,0,0,0,0,0,0,0,0,0,16,15
23.9818986073479,-10.2543981179861,2664049.1007587183,9041.651813204104,0,0,0,0,0,0,0,0,0,12,10
23.280214017861425,77.11952459013256,2668882.326011247,8955.16399141839,0,0,0,0,0,0,0,0,0,0,8
23.978400739337275,49.80491774080937,2716253.2421395,9100.38626226541,0,0,0,0,0,0,0,0,0,5,13
-19.341725746471326,22.075867050982964,2745340.1560370866,9186.600680568938,0,0,0,0,0,0,0,0,0,2,15
24.276848924687712,-15.841515178550125,2747387.9316999903,9177.247396055112,0,0,0,0,0,0,0,0,0,8,9
23.881269357979235,-47.21535024617205,2753657.609252862,9132.922265434263,0,0,0,0,0,0,0,0,0,2,10
23.5123599717364,86.41570379376336,2780041.4578289376,9114.952795024794,0,0,0,0,0,0,0,0,0,0,10
-19.208325528028467,-34.03040979363932,2780899.2829524428,9203.171300096818,0,0,0,0,0,0,0,0,0,2,5
24.626512728635078,5.728447134098062,2810642.7515291134,9296.406898892636,0,0,0,0,0,0,0,0,0,3,16
-19.548486075420286,-22.649185113472555,2831487.6450235536,9311.214734866096,0,0,0,0,0,0,0,0,0,3,10
24.91946758946642,11.645681381083705,2885397.689780855,9418.822068956984,0,0,0,0,0,0,0,0,0,1,12
-19.425166968374683,64.99767923846812,2887857.6567168306,9357.007521099458,0,0,0,0,0,0,0,0,0,0,15
-19.948151697340293,9.680939349745515,2892517.0247721616,9428.90465223267,0,0,0,0,0,0,0,0,0,4,8
-18.15330955550627,-96.50419367719691,2904826.3129410464,9215.33685709661,0,0,0,0,0,0,0,0,0,0,9
23.30296216980055,-92.52408534474021,2906653.705227527,9234.901636022883,0,0,0,0,0,0,0,0,0,0,8
23.796157091077433,-82.20477242769348,2944291.7323637274,9339.305788280215,0,0,0,0,0,0,0,0,0,0,13
-20.130525571598426,-14.754869648450935,2962823.594205072,9530.824297873494,0,0,0,0,0,0,0,0,0,2,12
-20.31076094089947,9.681672606171077,2986717.928173667,9581.201267783948,0,0,0,0,0,0,0,0,0,2,14
24.12838957938665,95.60553105706157,2992619.97187562,9430.805611268213,0,0,0,0,0,0,0,0,0,0,10
-20.606100202320548,-12.16120188823156,3082898.969132084,9725.723286862862,0,0,0,0,0,0,0,0,0,1,9
-20.674431653019568,47.36854218711528,3143049.52742047,9802.018057523524,0,0,0,0,0,0,0,0,0,0,13
-21.052587743523347,-14.615766720622545,3206983.87719986,9915.828976954628,0,0,0,0,0,0,0,0,0,2,12
25.445719486571335,76.94132890591217,3211401.6765354034,9839.234511970093,0,0,0,0,0,0,0,0,0,0,11
-20.61728992802969,-50.57314313179151,3213015.5320458245,9868.423745863249,0,0,0,0,0,0,0,0,0,1,13
26.165104310131454,22.382613181946994,3221956.1776926517,9952.726423437158,0,0,0,0,0,0,0,0,0,0,15
25.805444265449324,60.781511390304786,3227579.345829633,9907.361482847547,0,0,0,0,0,0,0,0,0,0,13
-19.791020544239785,-87.62529988758645,3234940.6779403607,9786.035916684192,0,0,0,0,0,0,0,0,0,0,10
25.576690543701346,82.19943012102931,3276427.549993376,9927.685752677353,0,0,0,0,0,0,0,0,0,0,15
26.424532720345468,-1.1203349531841127,3289679.214552846,10058.424077498279,0,0,0,0,0,0,0,0,0,0,10
-20.111986705919335,-99.293995088549,3415704.3158687674,10019.440638164673,0,0,0,0,0,0,0,0,0,0,0
-20.859475757789994,93.91583113099759,3427756.351519581,10125.0769270953,0,0,0,0,0,0,0,0,0,0,11
25.299217228413355,-96.20804055465439,3437494.721442246,10066.559256357232,0,0,0,0,0,0,0,0,0,0,15
26.670571941416,67.99581762055806,3496103.7517428994,10301.595871849015,0,0,0,0,0,0,0,0,0,0,10
-22.078770332755454,38.14693763503698,3502456.862057279,10361.366811996893,0,0,0,0,0,0,0,0,0,0,12
26.895136469460937,-37.752101229372734,3505620.320251018,10337.423347922791,0,0,0,0,0,0,0,0,0,0,12
26.779834547931628,65.73120865099108,3515745.1304092165,10335.50754609865,0,0,0,0,0,0,0,0,0,0,11
26.413464013240386,-66.60473549196963,3516799.705967235,10285.926465845865,0,0,0,0,0,0,0,0,0,0,13
27.24180061306363,-3.878636679564252,3520579.674681353,10404.43489416629,0,0,0,0,0,0,0,0,0,0,20
26.373096458768458,-72.60444619983949,3544398.6874231487,10311.454478576401,0,0,0,0,0,0,0,0,0,0,8
-21.353259801399062,-73.8153688232388,3547127.5359449442,10311.837580733492,0,0,0,0,0,0,0,0,0,0,8
-22.33340317812886,-28.65414401619124,3597977.2399843284,10493.324960506437,0,0,0,0,0,0,0,0,0,0,8
-21.31855824638886,-93.99407854275721,3691357.124025929,10454.370005440356,0,0,0,0,0,0,0,0,0,0,6
27.839839019462914,-22.782007668814813,3727110.65086526,10687.398733141943,0,0,0,0,0,0,0,0,0,0,12
-22.206670655898947,-69.04518544789921,3753541.449756069,10626.637925742063,0,0,0,0,0,0,0,0,0,0,12
27.905442426518093,-29.602033848732233,3765900.335759707,10735.28103583076,0,0,0,0,0,0,0,0,0,0,5
-23.39965652582316,-13.120270042921177,3870408.8350308686,10899.97601088865,0,0,0,0,0,0,0,0,0,0,8
27.889354562817317,-61.113288851020144,3901665.730382207,10861.759233261471,0,0,0,0,0,0,0,0,0,0,10
-23.59526411448381,0.48092724996226366,3911702.0834561237,10968.530000833238,0,0,0,0,0,0,0,0,0,0,7
28.706023511854028,49.63339188087954,4009671.5100296265,11076.018003597623,0,0,0,0,0,0,0,0,0,0,6
29.045701593226482,44.61038090430762,4096822.3958139843,11202.934408681593,0,0,0,0,0,0,0,0,0,0,15
-24.189030656028507,-8.13937897997694,4100671.102021974,11226.532254511952,0,0,0,0,0,0,0,0,0,0,11
29.180700576096143,29.849338129375155,4103897.6466653985,11226.743580089755,0,0,0,0,0,0,0,0,0,0,14
-24.128164998072265,45.39850548938162,4124318.5417608614,11239.76848566235,0,0,0,0,0,0,0,0,0,0,5
-24.33181882071665,-10.756260917063628,4148495.6207097135,11289.120165618058,0,0,0,0,0,0,0,0,0,0,18
28.51345419030838,95.31602664468988,4189725.5604355037,11217.701496158646,0,0,0,0,0,0,0,0,0,0,16
-24.562587448035615,17.707980576666756,4206991.076010647,11374.99470875163,0,0,0,0,0,0,0,0,0,0,15
-24.769275587530572,13.271358781245041,4269088.88947365,11457.36710554409,0,0,0,0,0,0,0,0,0,0,12
-24.32206047111538,68.04460021778345,4272424.463648809,11399.556036130682,0,0,0,0,0,0,0,0,0,0,6
29.870854539608388,26.715990546514433,4313067.622193834,11513.474897182037,0,0,0,0,0,0,0,0,0,0,14
-24.87581969490391,42.19737081865304,4346944.4753757985,11542.684744925791,0,0,0,0,0,0,0,0,0,0,5
-23.721685222335154,-96.24884094396229,4400860.752983525,11435.913657429723,0,0,0,0,0,0,0,0,0,0,5
-24.67506881666135,72.0141122034803,4401702.168000713,11565.5490511152,0,0,0,0,0,0,0,0,0,0,11
30.40311739000782,23.405279798692774,4477579.92639162,11733.714583601977,0,0,0,0,0,0,0,0,0,0,9
29.047020656752636,-98.27345636803781,4517043.687092252,11584.269370013393,0,0,0,0,0,0,0,0,0,0,7
-25.288138725125336,-42.059969002914045,4539208.89066881,11768.621894111135,0,0,0,0,0,0,0,0,0,0,9
-25.339793358891,-50.28651346295365,4592921.018907726,11822.107017895642,0,0,0,0,0,0,0,0,0,0,19
-24.98430466681505,-78.63848961079454,4650822.096636822,11827.0657313361,0,0,0,0,0,0,0,0,0,0,16
-25.997211661153756,3.0343286830227783,4662861.91452858,11974.794569001555,0,0,0,0,0,0,0,0,0,0,10
30.413300127484746,78.70288226893607,4671532.5034608925,11904.620664123366,0,0,0,0,0,0,0,0,0,0,11
-26.077699462492674,42.53447960526785,4733878.377921742,12046.081814137742,0,0,0,0,0,0,0,0,0,0,10
31.369858824982657,-18.12419333602695,4814275.21324656,12152.464899828743,0,0,0,0,0,0,0,0,0,0,9
31.281251221640986,49.460738765760084,4821908.748249943,12151.945226943211,0,0,0,0,0,0,0,0,0,0,15
31.602941885389015,38.389937754884585,4897086.745536731,12253.199521357259,0,0,0,0,0,0,0,0,0,0,6
31.50173398430104,54.14009900246069,4911460.0653679995,12258.145102445216,0,0,0,0,0,0,0,0,0,0,12
-26.717851926979506,-32.48548397909856,4970702.541462588,12337.51855741473,0,0,0,0,0,0,0,0,0,0,13
32.04982231152317,19.78985656407555,5016895.333400087,12421.715227403807,0,0,0,0,0,0,0,0,0,0,13
-27.34756196531147,12.078839826546428,5114022.372709417,12539.054865257365,0,0,0,0,0,0,0,0,0,0,8
-27.257730318819412,-26.16933117736835,5133611.384870333,12544.239266798619,0,0,0,0,0,0,0,0,0,0,12
32.3954643099749,-5.64561540046256,5138854.88948235,12570.74062558992,0,0,0,0,0,0,0,0,0,0,11
32.143330678948445,-44.17063707999249,5159805.071023313,12550.424135040428,0,0,0,0,0,0,0,0,0,0,7
32.46847175928423,43.96308368344651,5205266.4856763575,12631.710446431145,0,0,0,0,0,0,0,0,0,0,13
-27.42865893324003,-30.7082425022261,5206105.876039515,12629.304161601012,0,0,0,0,0,0,0,0,0,0,13
31.71194104293332,95.94768649645587,5208113.154776487,12528.482024256673,0,0,0,0,0,0,0,0,0,0,10
32.583032845397355,-24.645421292492102,5241048.675449371,12675.643993253572,0,0,0,0,0,0,0,0,0,0,14
-26.963086173444424,-76.78831296296404,5284486.60528057,12626.659240620813,0,0,0,0,0,0,0,0,0,0,10
-26.888111564894984,-81.72382264681796,5294878.013574804,12625.41627700488,0,0,0,0,0,0,0,0,0,0,17
-27.52687914040324,79.20732396654509,5377353.124917361,12782.164583959659,0,0,0,0,0,0,0,0,0,0,7
32.21813002698312,-81.7349111179831,5406925.816124997,12760.141428834993,0,0,0,0,0,0,0,0,0,0,16
-26.92326421455074,-94.43836407909191,5407960.759903076,12728.760348090353,0,0,0,0,0,0,0,0,0,0,14
-28.335364907357928,3.9903867498843653,5458734.189508892,12955.862874340444,0,0,0,0,0,0,0,0,0,0,11
-27.396401106883886,-90.70627142328212,5537977.110091231,12895.675551571598,0,0,0,0,0,0,0,0,0,0,14
-28.730423260352893,28.04577560724698,5613320.198807088,13135.823544955461,0,0,0,0,0,0,0,0,0,0,16
-28.496745358390257,-40.03646132344927,5613569.355050148,13103.748943777477,0,0,0,0,0,0,0,0,0,0,18
-28.894093113279595,40.796977417531224,5698734.291694776,13218.121853603465,0,0,0,0,0,0,0,0,0,0,8
34.06373718385845,3.126718043575181,5720001.271845619,13262.64289917697,0,0,0,0,0,0,0,0,0,0,9
-28.499549043112864,84.1720767280323,5747664.000534117,13209.673687488888,0,0,0,0,0,0,0,0,0,0,9
33.02274348662516,-93.64020762168379,5779536.874560348,13171.760795894852,0,0,0,0,0,0,0,0,0,0,9
34.19537762115834,43.24335413973651,5814463.464436833,13351.397908063398,0,0,0,0,0,0,0,0,0,0,7
34.353886948889055,15.414187364437112,5825893.266721339,13385.04670589784,0,0,0,0,0,0,0,0,0,0,11
-29.519559298158285,47.21969746124546,5944838.055936294,13498.834879013899,0,0,0,0,0,0,0,0,0,0,7
-29.753414344295393,13.916502613775123,5972213.961519953,13551.350527217845,0,0,0,0,0,0,0,0,0,0,11
-28.931229651293847,-78.85821906993655,5987155.1460160045,13451.820170985335,0,0,0,0,0,0,0,0,0,0,9
-29.834285575388364,2.9996227914419222,6002680.761462653,13586.400318871672,0,0,0,0,0,0,0,0,0,0,10
33.67614768158069,-96.8040068355101,6037979.540034197,13460.49630193349,0,0,0,0,0,0,0,0,0,0,8
-30.229479933143708,1.8275000554715461,6150905.472397511,13753.554071864884,0,0,0,0,0,0,0,0,0,0,10
-30.22643882873011,-3.197922011919971,6153754.004234687,13757.302230078567,0,0,0,0,0,0,0,0,0,0,7
-30.202133025065464,33.89537831082754,6163936.329504113,13759.791248838315,0,0,0,0,0,0,0,0,0,0,11
-29.837984750728992,-66.50755242854783,6236334.788842052,13765.463448944542,0,0,0,0,0,0,0,0,0,0,8
34.9451780204312,88.29771084233548,6300251.37544091,13828.792254670192,0,0,0,0,0,0,0,0,0,0,13
-30.65770116839191,21.507960538193032,6317160.674623274,13938.742451262795,0,0,0,0,0,0,0,0,0,0,10
35.4981907275903,53.70853235586662,6332127.561512045,13927.369321200345,0,0,0,0,0,0,0,0,0,0,10
-30.677192147633676,-14.12456982166907,6340092.267224699,13957.545271827814,0,0,0,0,0,0,0,0,0,0,10
-30.383413603653835,67.745645013657,6348263.513045159,13921.503821368275,0,0,0,0,0,0,0,0,0,0,12
-30.347864438132348,71.73795983078821,6354735.933110493,13918.621214631685,0,0,0,0,0,0,0,0,0,0,8
35.42368373668319,79.86977665722463,6427905.312533848,13984.753950272963,0,0,0,0,0,0,0,0,0,0,12
35.328412924733954,-73.13471412049742,6462615.512010147,14001.636521442342,0,0,0,0,0,0,0,0,0,0,7
35.12492817540479,-90.97556255975219,6519374.92417954,14010.79963348342,0,0,0,0,0,0,0,0,0,0,13
-31.118928724347228,-31.39256800873224,6554427.7371714655,14173.889910803338,0,0,0,0,0,0,0,0,0,0,7
-30.5981148027779,92.3533887172652,6572944.351914462,14119.386471936377,0,0,0,0,0,0,0,0,0,0,9
-31.34295965262079,-20.178194277986023,6609191.617475077,14243.221248378717,0,0,0,0,0,0,0,0,0,0,13
36.51269576194528,18.46165167320224,6644066.77193708,14294.793871690219,0,0,0,0,0,0,0,0,0,0,15
36.22810033440973,-46.593291992914466,6656451.656143367,14265.125815762009,0,0,0,0,0,0,0,0,0,0,8
-31.41592989760362,-29.476380018885777,6663364.031295662,14292.28783725497,0,0,0,0,0,0,0,0,0,0,11
-30.932811836610824,-69.96603528049721,6671562.711759521,14236.014276759366,0,0,0,0,0,0,0,0,0,0,6
-31.090115187385095,-60.97986162290703,6677202.534195534,14256.206995691966,0,0,0,0,0,0,0,0,0,0,9
-30.741544018620488,99.76607776250421,6680479.143546362,14215.829612521402,0,0,0,0,0,0,0,0,0,0,13
-31.627708666401517,1.4912316586049599,6687692.508901974,14341.14640823003,0,0,0,0,0,0,0,0,0,0,16
36.78267411393438,-18.594910068670202,6777452.654398397,14426.318037921108,0,0,0,0,0,0,0,0,0,0,6
-31.475346743022413,77.7277532882936,6819484.496365703,14409.432318052746,0,0,0,0,0,0,0,0,0,0,17
36.52836211026883,84.45452398321947,6879943.708960409,14465.014533567393,0,0,0,0,0,0,0,0,0,0,11
36.879032211478204,61.335862659338744,6896509.235611878,14527.44305237591,0,0,0,0,0,0,0,0,0,0,9
-31.797909393171466,-61.56842692009161,6956405.437377254,14552.176623373443,0,0,0,0,0,0,0,0,0,0,8
37.27155922277885,51.931409129851886,7015579.380180527,14663.305982511116,0,0,0,0,0,0,0,0,0,0,12
-31.55698828357498,-89.13837604313575,7052579.083386756,14590.285029615725,0,0,0,0,0,0,0,0,0,0,11
37.71863683889342,27.109338156630415,7133068.539001118,14809.936810491865,0,0,0,0,0,0,0,0,0,0,11
-31.81272664169606,-90.55516644255903,7164425.300815365,14703.244661874964,0,0,0,0,0,0,0,0,0,0,9
-32.88527585639385,20.287863698791767,7192379.920808113,14873.103723384205,0,0,0,0,0,0,0,0,0,0,17
-32.98268782780667,32.124195777311684,7248705.183331473,14925.853083456115,0,0,0,0,0,0,0,0,0,0,8
38.14053284423272,15.074311067235712,7292733.904808176,14975.098105644978,0,0,0,0,0,0,0,0,0,0,10
-33.10165352418335,-15.305906649851238,7299544.052206342,14977.000386806865,0,0,0,0,0,0,0,0,0,0,12
-32.678583502223304,-64.79718801649013,7326724.934984222,14932.919510002897,0,0,0,0,0,0,0,0,0,0,13
38.35795464044136,-3.20179626181303,7386555.546229361,15072.542745247183,0,0,0,0,0,0,0,0,0,0,10
38.05500054260446,70.08977117142945,7409277.650788507,15045.259540322952,0,0,0,0,0,0,0,0,0,0,9
-33.48952654687069,1.547083349270494,7436989.545560517,15123.05406633642,0,0,0,0,0,0,0,0,0,0,13
-33.54762448530934,18.038601903443663,7462084.81543356,15149.040885733364,0,0,0,0,0,0,0,0,0,0,12
-33.59749545502078,-3.829966246415367,7486136.411828161,15173.77805735514,0,0,0,0,0,0,0,0,0,0,10
-32.9359793055028,-83.93999579939546,7561919.087998587,15135.19541147513,0,0,0,0,0,0,0,0,0,0,12
-33.13458563380405,-82.15142290471498,7629439.857301049,15208.475566918452,0,0,0,0,0,0,0,0,0,0,16
-33.948818774335265,30.211130210336222,7644130.472691275,15329.715015431144,0,0,0,0,0,0,0,0,0,0,9
-34.01871283781442,-24.038013198369583,7699709.986238434,15370.897405080425,0,0,0,0,0,0,0,0,0,0,6
39.06889125934663,33.5550469737172,7700730.021170793,15383.489375899302,0,0,0,0,0,0,0,0,0,0,6
39.22025148442552,21.65058286831092,7746244.755639298,15435.156206327028,0,0,0,0,0,0,0,0,0,0,9
39.038338722545376,-40.374624522979154,7763140.123922046,15421.149459592905,0,0,0,0,0,0,0,0,0,0,16
39.444599276994296,18.578980710995168,7838307.638064251,15526.310677048601,0,0,0,0,0,0,0,0,0,0,10
-34.4019844294117,48.40661639920825,7880150.188773248,15543.249340691716,0,0,0,0,0,0,0,0,0,0,4
38.73663358794198,-86.55734761342346,7911536.8171354495,15479.753043475099,0,0,0,0,0,0,0,0,0,0,17
-34.407969087217666,-44.6374169053606,7936973.437684362,15588.443329173066,0,0,0,0,0,0,0,0,0,0,10
-34.702184430686756,-40.64354413918394,8045218.242083799,15699.443724444616,0,0,0,0,0,0,0,0,0,0,10
39.27201197771632,-76.57150062559865,8061739.914956644,15651.470461902547,0,0,0,0,0,0,0,0,0,0,9
40.14450330558486,8.859293754020342,8134204.342901003,15810.832094591622,0,0,0,0,0,0,0,0,0,0,8
-35.21602039786649,10.56192173850144,8165239.6608842965,15842.29048884242,0,0,0,0,0,0,0,0,0,0,15
40.222712982814585,11.10087367358328,8168218.609736943,15845.640326455712,0,0,0,0,0,0,0,0,0,0,10
39.921254742921974,82.58014232376544,8259986.29062876,15862.824909512683,0,0,0,0,0,0,0,0,0,0,4
39.74605242762766,-81.15546984981039,8296169.097572163,15870.643054286904,0,0,0,0,0,0,0,0,0,0,11
40.16260486726998,-55.609633046392034,8313178.754905708,15936.797733658028,0,0,0,0,0,0,0,0,0,0,10
-35.31748245670741,60.04475996546404,8315958.029862966,15960.841946800088,0,0,0,0,0,0,0,0,0,0,13
40.34713551044837,-78.52807951168559,8536116.277650591,16106.354498884046,0,0,0,0,0,0,0,0,0,0,8
-35.812402265768355,-55.160698249421735,8594182.963921048,16207.066241839435,0,0,0,0,0,0,0,0,0,0,17
41.2136954038931,37.813287672439714,8636864.643284157,16288.565357307541,0,0,0,0,0,0,0,0,0,0,13
-36.02101111107101,-56.82110813390131,8695033.174205497,16299.245968829386,0,0,0,0,0,0,0,0,0,0,16
-36.35708908559747,46.817889231411584,8725311.059045466,16357.79530518235,0,0,0,0,0,0,0,0,0,0,16
-36.530485669057256,22.232956430924062,8751373.934940668,16406.03693743497,0,0,0,0,0,0,0,0,0,0,13
41.28718281081004,73.48894414803593,8806029.239901863,16406.50924736271,0,0,0,0,0,0,0,0,0,0,7
41.324970413406845,-61.23395782164527,8854596.762518004,16439.539506268997,0,0,0,0,0,0,0,0,0,0,14
41.74014961602529,-13.168324224727087,8858539.640993644,16503.03116295535,0,0,0,0,0,0,0,0,0,0,13
-36.84302872083312,43.615649390536134,8933924.207740307,16558.687712140447,0,0,0,0,0,0,0,0,0,0,13
41.66881675939604,-54.312412636818095,8970633.149690447,16562.502643337997,0,0,0,0,0,0,0,0,0,0,11
-36.355000911180426,-84.61638438029031,9025066.814338923,16554.052299130148,0,0,0,0,0,0,0,0,0,0,11
42.16556065763052,-37.61923069598887,9120174.930609234,16720.062046977528,0,0,0,0,0,0,0,0,0,0,10
-36.91796819483002,-62.61902082191988,9128976.133216655,16691.567767904708,0,0,0,0,0,0,0,0,0,0,8
42.40333028479077,14.296502685383913,9140813.077838702,16764.69522229751,0,0,0,0,0,0,0,0,0,0,11
42.432347568306284,49.59528998443764,9220527.35481968,16813.50715350534,0,0,0,0,0,0,0,0,0,0,7
-37.649574694084855,14.10427766519365,9253881.31785508,16867.92564918083,0,0,0,0,0,0,0,0,0,0,11
-37.31797805255812,-60.451998195255015,9298372.481539423,16852.27082055506,0,0,0,0,0,0,0,0,0,0,13
42.663809325519,51.00846802245246,9331728.43334968,16914.4977021343,0,0,0,0,0,0,0,0,0,0,11
42.90324666265596,-59.82799276965076,9564333.232807497,17095.041083299147,0,0,0,0,0,0,0,0,0,0,15
-37.93082691648364,-58.82609105854553,9571516.655724343,17103.563924265796,0,0,0,0,0,0,0,0,0,0,13
-37.83946916374956,-67.71490572142325,9581837.960804926,17092.04282761159,0,0,0,0,0,0,0,0,0,0,13
43.40538598685208,14.02373558665677,9605493.214378487,17185.285850064534,0,0,0,0,0,0,0,0,0,0,7
43.40980308430861,-39.542135738315956,9703142.710021762,17245.924096455947,0,0,0,0,0,0,0,0,0,0,17
-38.556299939881946,-53.63159153139571,9836288.81625336,17349.42814946484,0,0,0,0,0,0,0,0,0,0,13
-38.483790145988216,-65.85451970683513,9871043.01809468,17355.787840143577,0,0,0,0,0,0,0,0,0,0,8
-38.861361941467585,45.49328834198113,9874377.545743147,17408.26530375837,0,0,0,0,0,0,0,0,0,0,9
44.055821812110594,-10.096046386110658,9927278.532485347,17472.54120747256,0,0,0,0,0,0,0,0,0,0,10
43.55447308071018,-73.67757171287315,9954855.237463335,17409.93971397838,0,0,0,0,0,0,0,0,0,0,7
-39.06004114708745,-26.53579558724759,9966114.999136003,17490.753077363977,0,0,0,0,0,0,0,0,0,0,9
43.18461073071134,-98.75658610613773,9977134.29459583,17382.211773045183,0,0,0,0,0,0,0,0,0,0,3
43.86456896079565,74.6199621015979,9997843.381368106,17487.24971191737,0,0,0,0,0,0,0,0,0,0,10
-38.29765364738764,-95.58634649704385,10002405.096396428,17413.160342503703,0,0,0,0,0,0,0,0,0,0,15
44.17372064303339,42.35529890527326,10014267.829988256,17536.317968979307,0,0,0,0,0,0,0,0,0,0,10
44.252153435280036,37.87492363060642,10040395.10641498,17564.779366448216,0,0,0,0,0,0,0,0,0,0,10
-39.26047061623108,58.782069147972095,10111806.271706225,17605.2229250285,0,0,0,0,0,0,0,0,0,0,12
44.59288078689161,-15.461478994496943,10194725.840411082,17703.471409488975,0,0,0,0,0,0,0,0,0,0,6
-39.3456247585972,-61.8064592824592,10256618.969371092,17703.890526941006,0,0,0,0,0,0,0,0,0,0,8
44.85658143883529,-12.813890087052599,10317528.82723003,17811.578094397875,0,0,0,0,0,0,0,0,0,0,10
-38.9367060217164,-97.94511954194476,10324511.080386525,17689.521890700315,0,0,0,0,0,0,0,0,0,0,8
-39.92159242945701,26.34989883028493,10341997.0129668,17834.418719202233,0,0,0,0,0,0,0,0,0,0,11
-39.37731159876745,-76.60238337212158,10366729.451087605,17765.21891875033,0,0,0,0,0,0,0,0,0,0,5
44.30722061584777,-85.08815685509934,10395578.644547217,17778.63011923647,0,0,0,0,0,0,0,0,0,0,12
-39.55702196544326,-73.22815152235933,10430092.599508347,17826.519636122364,0,0,0,0,0,0,0,0,0,0,11
44.707281672637066,88.47153428025297,10484494.269544838,17881.058342003053,0,0,0,0,0,0,0,0,0,0,5
-40.26600291346307,8.025030187707102,10498102.943026992,17962.696193466785,0,0,0,0,0,0,0,0,0,0,12
-40.275250798603054,1.8374921036049159,10504708.106564665,17972.767843309677,0,0,0,0,0,0,0,0,0,0,14
-40.3916697681042,14.334932324992337,10561018.147367036,18019.836234928756,0,0,0,0,0,0,0,0,0,0,11
-39.744738641790356,99.59720327255081,10580228.975194747,17942.307814063955,0,0,0,0,0,0,0,0,0,0,10
45.30052007716287,-48.25824980073268,10649435.932326034,18062.39214165628,0,0,0,0,0,0,0,0,0,0,15
-41.006759949011574,19.980907916905252,10869834.839523526,18283.820086501764,0,0,0,0,0,0,0,0,0,0,18
45.34272067489567,-87.1861075706119,10915085.081980739,18217.81689725987,0,0,0,0,0,0,0,0,0,0,12
45.971094086414126,57.66037412648822,10944165.873356374,18316.89845050057,0,0,0,0,0,0,0,0,0,0,16
46.090836673826885,49.41315513765534,10973886.528080588,18348.564558144946,0,0,0,0,0,0,0,0,0,0,15
45.60176550222454,-88.37446241547306,11052308.190365043,18331.00322999833,0,0,0,0,0,0,0,0,0,0,16
45.757415411838025,96.41725678208013,11054023.739880197,18345.656264411344,0,0,0,0,0,0,0,0,0,0,12
46.41737833205002,37.051135613361225,11103206.84085396,18473.350035074367,0,0,0,0,0,0,0,0,0,0,18
46.29422235555086,78.51683206108387,11207076.840847617,18514.535440803505,0,0,0,0,0,0,0,0,0,0,14
-41.53120433334365,-49.77639934235769,11270048.7918621,18581.372609364724,0,0,0,0,0,0,0,0,0,0,10
46.091971045268366,-87.38252884897521,11288365.319930367,18528.98865698598,0,0,0,0,0,0,0,0,0,0,16
-41.11074911004062,-92.21970197157373,11336953.844525123,18560.948641414685,0,0,0,0,0,0,0,0,0,0,16
-41.74701066842674,-61.12634125654204,11439386.10400652,18705.629483172008,0,0,0,0,0,0,0,0,0,0,14
-41.33452835276727,-92.47468586987928,11451395.714488879,18654.868167395045,0,0,0,0,0,0,0,0,0,0,10
-42.00948783828715,74.09762118792719,11545228.185434267,18800.258779967808,0,0,0,0,0,0,0,0,0,0,14
46.87590808982205,-68.58973269127864,11550156.627274223,18781.898779619452,0,0,0,0,0,0,0,0,0,0,13
46.93909494454644,92.461302995555,11621139.688481322,18825.92559580708,0,0,0,0,0,0,0,0,0,0,13
-42.268891072502335,65.59662403251752,11635746.001052469,18883.18634040353,0,0,0,0,0,0,0,0,0,0,14
46.938161061883505,-81.25135864913422,11669023.5274039,18848.65547286545,0,0,0,0,0,0,0,0,0,0,12
-42.49846102253281,-38.93356353809805,11716907.664887259,18953.157398033007,0,0,0,0,0,0,0,0,0,0,11
-42.78652800994613,2.6944137688710725,11773621.791309398,19026.6473504085,0,0,0,0,0,0,0,0,0,0,16
47.223003660943505,95.94490080130271,11790780.150851121,18955.050232678306,0,0,0,0,0,0,0,0,0,0,10
-42.91194341425537,-28.353137393552117,11894489.562544515,19110.36937138081,0,0,0,0,0,0,0,0,0,0,12
48.23741899542455,-20.51909092497594,12043298.435014261,19239.235069003287,0,0,0,0,0,0,0,0,0,0,4
48.31390922032264,34.001593095017284,12073396.221944153,19266.843465630525,0,0,0,0,0,0,0,0,0,0,16
-43.28481418042989,44.03668274325807,12082800.797383193,19264.658638523815,0,0,0,0,0,0,0,0,0,0,13
48.18678737868126,-45.58220008110856,12103149.664446378,19260.82372453209,0,0,0,0,0,0,0,0,0,0,14
-43.30496626361751,82.16513624100102,12262543.54712767,19365.971306915126,0,0,0,0,0,0,0,0,0,0,5
48.72436715407861,40.82916017296071,12306149.674813608,19446.06336488598,0,0,0,0,0,0,0,0,0,0,14
-43.86162281670467,25.922925640615972,12349298.204840511,19488.80450865658,0,0,0,0,0,0,0,0,0,0,15
-43.81894098894008,-32.66381034823516,12386021.046295965,19495.61902570306,0,0,0,0,0,0,0,0,0,0,10
-43.499673629970644,91.55890638106771,12425122.545062661,19475.54029647093,0,0,0,0,0,0,0,0,0,0,18
-43.287990880242376,-91.25406311981598,12446226.18884749,19457.498540019416,0,0,0,0,0,0,0,0,0,0,8
-44.02510311048724,-15.130440464505867,12448592.564031485,19564.67374686915,0,0,0,0,0,0,0,0,0,0,17
48.94432760112667,67.36639983507888,12521285.8524993,19588.82813677619,0,0,0,0,0,0,0,0,0,0,14
49.20930641055003,-8.473978956217977,12535817.350298746,19635.382671387226,0,0,0,0,0,0,0,0,0,0,15
-43.83355297142355,-69.40730610872058,12574677.203386078,19602.64706038121,0,0,0,0,0,0,0,0,0,0,13
49.264523102337165,50.62852910168715,12623974.676318983,19682.728232083296,0,0,0,0,0,0,0,0,0,0,7
49.49355162517526,6.468737366169222,12676443.652468966,19739.822945207452,0,0,0,0,0,0,0,0,0,0,10
49.1156908637343,94.84958918325813,12775326.153676908,19742.907548590712,0,0,0,0,0,0,0,0,0,0,9
-44.64660799970659,48.4822438715284,12822799.938166069,19841.0576037483,0,0,0,0,0,0,0,0,0,0,15
-44.35503372618312,89.8819748980371,12869780.273064965,19828.050022238658,0,0,0,0,0,0,0,0,0,0,11
49.98765422762642,30.166934045019815,12962513.328176074,19965.981709648117,0,0,0,0,0,0,0,0,0,0,14
-44.921846548562996,78.54086733866146,13106566.204071863,20030.95445931532,0,0,0,0,0,0,0,0,0,0,8
-45.36523390252274,32.04874429311337,13172583.7681111,20126.44698335266,0,0,0,0,0,0,0,0,0,0,9
50.366836733249585,-24.036492535914377,13196431.30118716,20137.107920500737,0,0,0,0,0,0,0,0,0,0,12
-45.3378660336317,52.14410950548336,13212086.570566585,20135.0478436308,0,0,0,0,0,0,0,0,0,0,9
-45.16767180556916,74.63993885728988,13219120.473486958,20122.006631299773,0,0,0,0,0,0,0,0,0,0,13
50.502569122518906,42.26213811315981,13271736.890265275,20194.3411695711,0,0,0,0,0,0,0,0,0,0,6
50.416746884867166,63.60457294334381,13301372.0226825,20193.01391670451,0,0,0,0,0,0,0,0,0,0,8
-45.689391302888204,-14.39935543572794,13351976.795207221,20262.943702648776,0,0,0,0,0,0,0,0,0,0,10
50.61154241926343,-34.61116229941126,13364475.022695081,20250.458978390052,0,0,0,0,0,0,0,0,0,0,14
50.85945277572759,-25.34890684901778,13472148.24515795,20345.319072654605,0,0,0,0,0,0,0,0,0,0,5
-45.92155220443359,-52.06855892821138,13611176.28514189,20423.414498237868,0,0,0,0,0,0,0,0,0,0,13
51.29776842748478,11.22964866093919,13668419.272763154,20497.292388204543,0,0,0,0,0,0,0,0,0,0,11
50.91803763814889,92.37014146619919,13741292.356517477,20488.85015714483,0,0,0,0,0,0,0,0,0,0,11
-46.39983243769428,-21.973552566542637,13764785.134676762,20568.90317639814,0,0,0,0,0,0,0,0,0,0,18
51.32959466675757,70.06741664932389,13838948.674360983,20593.972820652638,0,0,0,0,0,0,0,0,0,0,11
51.302703729063666,-73.34712402502832,13949003.33811416,20646.57153082369,0,0,0,0,0,0,0,0,0,0,17
51.777142378231645,29.99948754076945,13956159.125492277,20717.39928639806,0,0,0,0,0,0,0,0,0,0,12
-46.25362896411005,-80.4222518157119,13971349.67926793,20647.28366244513,0,0,0,0,0,0,0,0,0,0,13
51.20545226550607,-89.30570340113752,14012773.465593087,20655.5857549252,0,0,0,0,0,0,0,0,0,0,8
52.063198017387435,10.469434077382545,14100459.359556563,20818.012601380105,0,0,0,0,0,0,0,0,0,0,21
52.02522262879927,34.906660975870466,14106289.0211201,20826.500165071564,0,0,0,0,0,0,0,0,0,0,12
52.129236504567075,-22.006410729967826,14177388.103751265,20875.285742648135,0,0,0,0,0,0,0,0,0,0,16
52.2630327988243,8.178644840932733,14214330.806949781,20901.295130665272,0,0,0,0,0,0,0,0,0,0,11
-47.237508700624595,-15.275882491682523,14223887.547115365,20914.02953675401,0,0,0,0,0,0,0,0,0,0,9
-47.22858188241794,52.32401446258234,14271584.63304394,20929.32840507812,0,0,0,0,0,0,0,0,0,0,13
52.2320847869444,55.66621767087122,14285915.847388351,20934.14182818752,0,0,0,0,0,0,0,0,0,0,11
52.159422114987336,78.58726555906284,14353711.984167883,20966.400240741896,0,0,0,0,0,0,0,0,0,0,16
52.20514585811469,86.40892074091241,14426930.533638043,21008.97773091468,0,0,0,0,0,0,0,0,0,0,7
52.058241406609,-91.87697747748066,14514773.48013699,21021.49682972353,0,0,0,0,0,0,0,0,0,0,14
52.89731038340918,15.522379350392868,14580706.449608866,21173.392740382245,0,0,0,0,0,0,0,0,0,0,15
52.88166398650114,-13.900990671257361,14591413.929442294,21183.19986500173,0,0,0,0,0,0,0,0,0,0,9
52.74176916147164,63.77290672185816,14612113.938785437,21165.37822966072,0,0,0,0,0,0,0,0,0,0,8
52.85377763608611,52.216347676737655,14630360.53453527,21191.802954832903,0,0,0,0,0,0,0,0,0,0,12
-48.12788636476548,24.841369599670358,14722958.62698563,21279.553642801173,0,0,0,0,0,0,0,0,0,0,11
53.12980919788254,61.981883785559035,14828877.586224435,21322.205896071573,0,0,0,0,0,0,0,0,0,0,11
-47.729786120533134,-93.41823408142571,14912269.59628791,21307.22262430785,0,0,0,0,0,0,0,0,0,0,9
-48.6344197476057,82.27909570091495,15228706.64852214,21594.02474160193,0,0,0,0,0,0,0,0,0,0,13
-49.01774250934392,42.69139867711729,15280946.05744465,21671.143252601563,0,0,0,0,0,0,0,0,0,0,13
-50.75762063738522,35.014834448462864,16308535.291251991,22394.215502150248,0,0,0,0,0,0,0,0,0,0,9
-51.22222552065902,1.7010173426427428,16568269.21654435,22570.63370133415,0,0,0,0,0,0,0,0,0,0,11
-50.970881688529055,-53.17998242265725,16569956.34104674,22537.368493073118,0,0,0,0,0,0,0,0,0,0,13
-51.41024618937611,21.534339010076224,16688687.553534266,22654.83773854804,0,0,0,0,0,0,0,0,0,0,11
56.42954584937243,36.46410741277802,16725117.920117496,22677.873364149196,0,0,0,0,0,0,0,0,0,0,14
-51.71711531727732,46.39162761454031,16930028.192138918,22808.58006087101,0,0,0,0,0,0,0,0,0,0,17
56.88861999397159,-27.295763958210628,17033632.87476494,22879.516161426283,0,0,0,0,0,0,0,0,0,0,11
-52.024528452893136,26.47802848246974,17077109.66594442,22917.779978697592,0,0,0,0,0,0,0,0,0,0,9
56.78181978078098,-66.18327850722538,17144755.14306458,22915.350503888123,0,0,0,0,0,0,0,0,0,0,11
57.2099262273162,-52.47694454745526,17335786.40270924,23053.17999666054,0,0,0,0,0,0,0,0,0,0,17
-52.37498129009832,-31.223411452288147,17350987.73690206,23087.715553293583,0,0,0,0,0,0,0,0,0,0,12
57.54069762973418,-49.833242068875514,17531121.355825055,23183.511335435516,0,0,0,0,0,0,0,0,0,0,4
58.136388953498766,50.821016839511,17839349.528435014,23409.10437730899,0,0,0,0,0,0,0,0,0,0,9
57.71062564846318,-84.51611026913326,17855299.457074426,23358.589851865006,0,0,0,0,0,0,0,0,0,0,7
-53.01967138715258,77.81001970267724,17887298.220051523,23413.652698937804,0,0,0,0,0,0,0,0,0,0,10
58.04727979001191,-56.65213174579935,17887489.97499451,23415.71934746238,0,0,0,0,0,0,0,0,0,0,12
58.23958385791016,52.39874439622804,17910834.429290146,23454.023964718497,0,0,0,0,0,0,0,0,0,0,11
57.84760671906605,-87.55839104371157,17965936.88721201,23424.974781700737,0,0,0,0,0,0,0,0,0,0,6
58.121977539682035,96.88763583091423,18075130.87014873,23513.64951907983,0,0,0,0,0,0,0,0,0,0,18
-53.18116795922136,-73.62592526229827,18076161.535382822,23522.60598274142,0,0,0,0,0,0,0,0,0,0,12
58.68042447150057,-19.08117587281066,18149148.788374793,23623.85945390305,0,0,0,0,0,0,0,0,0,0,13
-53.779012790822776,53.263254237859655,18260787.253977805,23681.448626383426,0,0,0,0,0,0,0,0,0,0,9
58.41044815763334,97.78678146747427,18266321.73879318,23636.927674293158,0,0,0,0,0,0,0,0,0,0,16
-53.96321849741372,1.3198600570321446,18302083.91384884,23722.231908856735,0,0,0,0,0,0,0,0,0,0,12
-53.643994350119485,-70.76978182509436,18354222.044894416,23707.49898382523,0,0,0,0,0,0,0,0,0,0,7
59.0093305043697,41.40615770409738,18372623.972801838,23766.32496953937,0,0,0,0,0,0,0,0,0,0,14
58.62638474522578,96.90116607126797,18398773.12549094,23724.532321718176,0,0,0,0,0,0,0,0,0,0,5
59.162669930281965,-13.210283334446558,18449403.02334282,23820.53165405287,0,0,0,0,0,0,0,0,0,0,8
-54.32644967716351,2.0726662543626446,18537836.00397603,23874.036198154314,0,0,0,0,0,0,0,0,0,0,14
-54.34027910129255,34.99806494559914,18572603.33913321,23898.915287488475,0,0,0,0,0,0,0,0,0,0,7
-54.5064453634851,51.16528488355101,18726372.18772702,23984.872337547295,0,0,0,0,0,0,0,0,0,0,13
59.00781651876855,-97.06864665237677,18789858.17101532,23938.473244802386,0,0,0,0,0,0,0,0,0,0,11
-54.662093196066095,42.92583547336335,18802667.572525177,24042.004977821125,0,0,0,0,0,0,0,0,0,0,12
-54.32963875824901,91.8835191406744,18819605.79714711,24003.43955837011,0,0,0,0,0,0,0,0,0,0,14
-54.42053178662631,-71.19427619520545,18860971.428440597,24033.365115395412,0,0,0,0,0,0,0,0,0,0,11
-54.89681254458614,-50.232205120799534,19053668.697260164,24169.5642589994,0,0,0,0,0,0,0,0,0,0,7
60.3187008415328,23.177245874268664,19197073.204919063,24298.03159931804,0,0,0,0,0,0,0,0,0,0,6
-55.19593850037396,70.55314610234521,19262774.755178455,24301.561731463353,0,0,0,0,0,0,0,0,0,0,10
-55.32086401545442,59.23781161654142,19293745.63729046,24335.000698107393,0,0,0,0,0,0,0,0,0,0,10
-55.451491966613474,53.79297296724363,19359337.744955134,24384.41959894491,0,0,0,0,0,0,0,0,0,0,12
-55.67046385214556,7.45788516766379,19423125.946645856,24433.13693273347,0,0,0,0,0,0,0,0,0,0,10
-55.691170447158015,23.373883254840806,19445329.6546913,24454.665471061206,0,0,0,0,0,0,0,0,0,0,16
-55.57926869164203,-36.412008890580964,19446728.60568976,24438.70485938023,0,0,0,0,0,0,0,0,0,0,5
60.87953332957767,22.859967146826676,19570771.339874767,24533.263965569444,0,0,0,0,0,0,0,0,0,0,12
-55.7528696082936,59.639089545509194,19583234.746018842,24516.844325028833,0,0,0,0,0,0,0,0,0,0,8
-55.98337721410471,3.8951592227056437,19633621.49088192,24568.123270701268,0,0,0,0,0,0,0,0,0,0,15
61.0684616463609,-20.225302021354707,19724738.22523378,24627.979193492934,0,0,0,0,0,0,0,0,0,0,13
-55.9881662286454,64.45532785649416,19761855.50854715,24620.48514388756,0,0,0,0,0,0,0,0,0,0,9
-55.85446335832911,97.07578655420511,19864148.19189623,24656.393043444186,0,0,0,0,0,0,0,0,0,0,11
60.88777794180666,-79.46356501474298,19889279.094254926,24671.481874719415,0,0,0,0,0,0,0,0,0,0,17
-56.34639231510037,61.009147750114096,19987936.889442943,24767.493920092267,0,0,0,0,0,0,0,0,0,0,6
61.11829722294968,90.22385824339065,19993731.296951354,24746.11981392314,0,0,0,0,0,0,0,0,0,0,9
-56.34233357118757,71.48754539421313,20034384.489895828,24783.558068939044,0,0,0,0,0,0,0,0,0,0,8
61.6255903946778,-4.6216507477604125,20073702.946973156,24846.36961651244,0,0,0,0,0,0,0,0,0,0,13
61.633616141929565,-13.53347825762205,20092361.426378816,24858.652257868045,0,0,0,0,0,0,0,0,0,0,10
61.310293300020135,89.18831333085575,20116291.222106166,24823.267539400986,0,0,0,0,0,0,0,0,0,0,18
-56.668501477682234,88.59950613916448,20355011.731718693,24971.232136088667,0,0,0,0,0,0,0,0,0,0,14
-57.11637346847787,19.118299990329618,20404800.376742065,25048.995156751047,0,0,0,0,0,0,0,0,0,0,10
62.12784769675778,35.14730173164301,20436487.405141715,25069.843334369907,0,0,0,0,0,0,0,0,0,0,9
-56.546299202045304,-97.34913346732792,20476027.345645107,25000.40046685692,0,0,0,0,0,0,0,0,0,0,7
61.80470201191483,95.17629553662607,20492334.19775341,25047.89432759028,0,0,0,0,0,0,0,0,0,0,9
61.69535938744747,-92.33423350124197,20534493.591122687,25047.662924456767,0,0,0,0,0,0,0,0,0,0,8
62.06659934446478,75.20103873435778,20546237.486553136,25097.441642189347,0,0,0,0,0,0,0,0,0,0,7
62.288667617281334,57.662197005437434,20615778.99719478,25159.902596263597,0,0,0,0,0,0,0,0,0,0,12
62.41762636639859,26.553981854102958,20619933.822896697,25182.95705574151,0,0,0,0,0,0,0,0,0,0,10
-57.36128005148213,61.83180658192606,20682999.34682243,25194.569428204406,0,0,0,0,0,0,0,0,0,0,12
-57.60583134156803,-24.19204589880728,20782131.105987154,25277.641209357374,0,0,0,0,0,0,0,0,0,0,7
-57.33930553622339,85.54318926795568,20793675.128465742,25242.45928194524,0,0,0,0,0,0,0,0,0,0,10
62.7495663684831,17.085858679593244,20838939.446702078,25312.903733442497,0,0,0,0,0,0,0,0,0,0,10
62.79045858662582,-16.31299307587784,20890822.788758423,25347.305599458723,0,0,0,0,0,0,0,0,0,0,17
62.751328319626936,-36.88674229758328,20923806.836830284,25351.444636540895,0,0,0,0,0,0,0,0,0,0,9
62.90427275763554,-10.701233738225227,20959314.883797627,25389.495791945144,0,0,0,0,0,0,0,0,0,0,10
-57.92338414243685,-8.628226669027256,20969396.845423847,25395.4495664925,0,0,0,0,0,0,0,0,0,0,9
62.9682018037536,-44.60899070242172,21105586.56388759,25450.253748278927,0,0,0,0,0,0,0,0,0,0,19
-57.57552112688471,-89.11464138563,21110737.486970726,25405.9117551947,0,0,0,0,0,0,0,0,0,0,11
-58.18009149985453,31.177836841693562,21155268.029758364,25507.816266780592,0,0,0,0,0,0,0,0,0,0,9
-58.185576047763334,43.745628174520135,21188420.270795424,25522.68756823512,0,0,0,0,0,0,0,0,0,0,4
-58.092329471386186,68.8154808269746,21220704.0046232,25508.593858809174,0,0,0,0,0,0,0,0,0,0,13
63.35201572529277,27.279841797016303,21268735.531612627,25576.126446419978,0,0,0,0,0,0,0,0,0,0,17
63.45427690823854,47.28541246753795,21386629.718471907,25639.081713927724,0,0,0,0,0,0,0,0,0,0,13
-57.890513655766455,-98.09931590025529,21404141.963464394,25564.532655811145,0,0,0,0,0,0,0,0,0,0,13
-58.549055419542604,-35.09498736060705,21472625.426453143,25684.698263568498,0,0,0,0,0,0,0,0,0,0,14
-58.344216995748724,87.7036377691436,21503552.344601817,25668.993617530403,0,0,0,0,0,0,0,0,0,0,10
63.53495294508886,83.91888741616438,21613150.288351588,25737.36699329564,0,0,0,0,0,0,0,0,0,0,13
63.89461168434434,74.0464202659874,21809245.00218821,25858.086944853898,0,0,0,0,0,0,0,0,0,0,8
63.63814174740182,-88.36160748568207,21844038.027207814,25847.828072871005,0,0,0,0,0,0,0,0,0,0,12
-58.91328999671208,94.14635969957484,21946185.16575794,25926.194297724374,0,0,0,0,0,0,0,0,0,0,7
64.04260939024977,-81.56058959632352,22076458.53892871,25996.492493913356,0,0,0,0,0,0,0,0,0,0,14
-59.62671003640989,57.49664449745734,22251268.19933042,26141.714859789612,0,0,0,0,0,0,0,0,0,0,16
64.22148037456887,-94.66440051685368,22307364.76678165,26110.571998120344,0,0,0,0,0,0,0,0,0,0,12
64.85928148951771,-19.199176724315265,22353626.06676742,26219.097402321753,0,0,0,0,0,0,0,0,0,0,15
64.8958707105053,-16.8258375675629,22374570.402413532,26232.091535979787,0,0,0,0,0,0,0,0,0,0,14
-60.046643111074395,52.97172963024536,22534627.953297693,26313.561836281482,0,0,0,0,0,0,0,0,0,0,16
64.99814589524516,66.33169695831833,22555308.562091764,26306.552972961283,0,0,0,0,0,0,0,0,0,0,13
-60.41269435997507,8.758074025132885,22718963.22042088,26423.573557164396,0,0,0,0,0,0,0,0,0,0,14
-60.40843070285222,26.748366246344645,22728796.73574551,26439.28926144428,0,0,0,0,0,0,0,0,0,0,12
64.90847022042462,-87.22547658439423,22735883.50725547,26375.41698189067,0,0,0,0,0,0,0,0,0,0,11
65.33769686535453,70.43690825807056,22819581.327292874,26453.26959170697,0,0,0,0,0,0,0,0,0,0,8
65.30653600335711,-59.796767708453835,22836406.742745668,26459.52235252863,0,0,0,0,0,0,0,0,0,0,10
65.17548519704789,-74.88576306496451,22836472.063538663,26450.01010156091,0,0,0,0,0,0,0,0,0,0,9
65.69313428227733,0.8387552657664941,22924687.387739036,26549.277643290712,0,0,0,0,0,0,0,0,0,0,10
-60.755149661868344,-7.92532495844182,22978713.25482129,26584.088182943146,0,0,0,0,0,0,0,0,0,0,9
-60.796532397967404,38.92104878356068,23033734.853676453,26614.46465592987,0,0,0,0,0,0,0,0,0,0,15
65.8549401076383,37.03543934480507,23071715.44311309,26637.11028455289,0,0,0,0,0,0,0,0,0,0,9
65.71842226827047,-54.42653243021678,23105245.492533877,26615.580105427707,0,0,0,0,0,0,0,0,0,0,9
66.02176780394657,24.122303439899156,23170362.060061477,26694.26478109746,0,0,0,0,0,0,0,0,0,0,12
66.07828244897865,17.99516560322307,23205533.948363896,26711.87379417426,0,0,0,0,0,0,0,0,0,0,12
-60.5876597625528,-85.76104771351278,23213669.056885954,26654.92492388761,0,0,0,0,0,0,0,0,0,0,11
65.98868210227832,54.67238812823638,23222389.86271384,26710.918871085127,0,0,0,0,0,0,0,0,0,0,12
66.05594299013754,55.60648684923254,23274973.034232154,26740.102542706998,0,0,0,0,0,0,0,0,0,0,11
-61.01108073285104,-66.98924046126658,23389942.288707204,26775.599467715536,0,0,0,0,0,0,0,0,0,0,10
66.53113582664753,-21.301446827658268,23571566.96401218,26923.37849401962,0,0,0,0,0,0,0,0,0,0,10
66.39587545262017,-64.59644096052553,23656673.726182047,26929.26526207681,0,0,0,0,0,0,0,0,0,0,12
-61.771920407357214,-27.668139965009388,23766376.433385283,27030.87471105504,0,0,0,0,0,0,0,0,0,0,11
67.08135520013144,62.795067390728775,24058763.542945515,27177.96425144593,0,0,0,0,0,0,0,0,0,0,16
-62.180665370396746,-37.50827835516377,24102481.651804574,27212.387733921794,0,0,0,0,0,0,0,0,0,0,16
-62.08033682265801,85.23499407444291,24177640.996877227,27223.285774094376,0,0,0,0,0,0,0,0,0,0,10
67.25816442945313,75.17511452341077,24250922.975031435,27267.43807508164,0,0,0,0,0,0,0,0,0,0,5
-62.513946534617595,5.553855851004215,24262394.93288442,27309.303688688386,0,0,0,0,0,0,0,0,0,0,10
67.55709212321136,-11.3779758283914,24311146.58978414,27344.356667577165,0,0,0,0,0,0,0,0,0,0,7
67.57939329419463,21.541481221726073,24317228.295842897,27345.886664783473,0,0,0,0,0,0,0,0,0,0,13
-62.41933448619355,-96.49195496437757,24647615.398398258,27452.75768012204,0,0,0,0,0,0,0,0,0,0,13
-62.81953091529198,71.436895776841,24650353.027148493,27496.63988019947,0,0,0,0,0,0,0,0,0,0,5
67.73843004732518,-65.20244052463961,24655488.90330043,27492.271081355848,0,0,0,0,0,0,0,0,0,0,12
68.06087744300743,0.7609456842970275,24674615.619953692,27543.807580378805,0,0,0,0,0,0,0,0,0,0,11
67.56052610077518,-93.82105969347188,24730144.587341413,27503.763089204436,0,0,0,0,0,0,0,0,0,0,12
68.1913999297889,25.00781492231789,24780672.797663663,27606.395785433655,0,0,0,0,0,0,0,0,0,0,12
-63.192814220521875,71.12883359365688,24929492.793328926,27653.11080621284,0,0,0,0,0,0,0,0,0,0,9
-62.99066171310892,-80.01207594903978,24943862.80535886,27642.132823926648,0,0,0,0,0,0,0,0,0,0,13
-63.51117034530138,8.448194371122028,25011916.74751325,27725.243350655455,0,0,0,0,0,0,0,0,0,0,15
-63.58309360883459,-16.984784900227908,25094121.568545084,27780.88410061075,0,0,0,0,0,0,0,0,0,0,16
-63.58257431909038,-35.43518489733873,25146997.960314002,27799.116398915296,0,0,0,0,0,0,0,0,0,0,18
-63.44881450607802,-64.54822825425563,25186455.830558628,27787.249148303377,0,0,0,0,0,0,0,0,0,0,10
68.91891831024157,-17.257918962312075,25350121.963182077,27922.203609263768,0,0,0,0,0,0,0,0,0,0,9
-63.68599334612901,-73.6546489203109,25424665.43584114,27913.70916544286,0,0,0,0,0,0,0,0,0,0,15
-63.91214916867965,-45.90517459935475,25440289.924454182,27948.007825444805,0,0,0,0,0,0,0,0,0,0,10
-63.85640977196652,74.07154730559566,25447820.25333479,27934.76365153153,0,0,0,0,0,0,0,0,0,0,22
-64.09762909261408,32.17120635732718,25480314.809313674,27994.175425255242,0,0,0,0,0,0,0,0,0,0,9
69.13446142616854,-2.002900315060046,25491432.936877888,27997.47669930584,0,0,0,0,0,0,0,0,0,0,10
-63.62573434313772,-93.65425057064441,25530850.843055386,27948.519707143496,0,0,0,0,0,0,0,0,0,0,9
-64.21957856196867,0.9122303046320752,25554304.311178178,28030.310765722214,0,0,0,0,0,0,0,0,0,0,10
68.98566237806091,-59.285019928741846,25563947.15442957,27995.86193381569,0,0,0,0,0,0,0,0,0,0,18
-63.940704048997276,89.3042305694058,25602867.0143229,28013.126984189083,0,0,0,0,0,0,0,0,0,0,16
-64.25218392729263,78.19962935144565,25772934.4358197,28110.01176966266,0,0,0,0,0,0,0,0,0,0,10
-64.19796352206855,-79.22520381742353,25854200.410203073,28144.424363676924,0,0,0,0,0,0,0,0,0,0,10
69.03885758083902,-96.86780183436487,25872915.971331496,28130.845874293802,0,0,0,0,0,0,0,0,0,0,12
-64.7294979607951,11.79945880271383,25944004.289140683,28239.188602336657,0,0,0,0,0,0,0,0,0,0,11
69.90215355657509,47.3637497389235,26137451.614383355,28347.268243500457,0,0,0,0,0,0,0,0,0,0,14
70.0561438684764,41.24865910199131,26239037.99350027,28405.82908386207,0,0,0,0,0,0,0,0,0,0,14
70.42210073832561,-38.355975255365315,26572929.67646749,28574.63828535212,0,0,0,0,0,0,0,0,0,0,12
70.29073557474536,-66.14580211355496,26610173.737438228,28561.96487658422,0,0,0,0,0,0,0,0,0,0,15
-65.65754295406131,31.928476367309344,26686441.113378834,28649.096517073063,0,0,0,0,0,0,0,0,0,0,14
70.20402452177606,-89.99451181927225,26713008.983379543,28597.26578556021,0,0,0,0,0,0,0,0,0,0,10
-65.71059072269153,43.79915204685901,26756060.322189577,28683.247255577302,0,0,0,0,0,0,0,0,0,0,13
70.8047665322342,4.971892993084566,26780871.343560573,28692.030050545283,0,0,0,0,0,0,0,0,0,0,10
70.80410664915243,-36.79672077736418,26865679.57968901,28733.521513421383,0,0,0,0,0,0,0,0,0,0,14
-65.66790116200443,-81.13203606009608,27006067.319198176,28764.578793898138,0,0,0,0,0,0,0,0,0,0,14
-66.09555854765304,-9.897712583979029,27023354.810323376,28829.03230259827,0,0,0,0,0,0,0,0,0,0,14
-66.30817086726826,34.67582783331952,27203428.703821298,28925.10759208599,0,0,0,0,0,0,0,0,0,0,3
-66.3648610567424,-42.26105186854676,27328934.08019732,28974.502695700354,0,0,0,0,0,0,0,0,0,0,22
71.58084592125968,41.839725464731146,27436433.538462304,29046.795012393795,0,0,0,0,0,0,0,0,0,0,16
-66.62016345634635,-50.0106331601482,27566179.20623632,29089.479284825615,0,0,0,0,0,0,0,0,0,0,14
71.50863084935176,92.26133982892753,27619207.575084507,29095.391714515812,0,0,0,0,0,0,0,0,0,0,12
-66.89150988906806,-2.9565526334633034,27645003.965675727,29156.390706042042,0,0,0,0,0,0,0,0,0,0,5
-66.71435154012006,-57.22162328405531,27677993.31435029,29136.24927013448,0,0,0,0,0,0,0,0,0,0,9
71.96293435680624,8.441198887573421,27696082.494494773,29174.99123097105,0,0,0,0,0,0,0,0,0,0,17
71.84773870856199,91.54625665908151,27883654.143333774,29234.993550156152,0,0,0,0,0,0,0,0,0,0,16
72.05025702174493,67.42050313110411,27905678.72790882,29269.528452263974,0,0,0,0,0,0,0,0,0,0,4
-67.26846959340313,25.031715059573912,27950787.516986046,29318.78894428889,0,0,0,0,0,0,0,0,0,0,9
-67.29510589055255,-55.61447051988389,28132764.289832734,29378.55894455195,0,0,0,0,0,0,0,0,0,0,6
72.64308497795301,-76.85107513469451,28543287.29626079,29577.362746188443,0,0,0,0,0,0,0,0,0,0,19
-68.06909515262274,-10.81740866071668,28601285.79151501,29658.837372762264,0,0,0,0,0,0,0,0,0,0,16
72.96729821846557,-48.36510573923809,28637695.24814176,29653.63035749478,0,0,0,0,0,0,0,0,0,0,15
-67.80391467691464,-76.06227439253963,28667415.215997763,29642.223158127937,0,0,0,0,0,0,0,0,0,0,16
73.09569823449021,52.34744362354925,28683779.012511846,29693.540702109436,0,0,0,0,0,0,0,0,0,0,15
-68.21742080804694,48.412065433960635,28769159.443933927,29740.728804813658,0,0,0,0,0,0,0,0,0,0,15
73.26532651544332,-34.86170771738419,28823256.27300543,29765.29884420358,0,0,0,0,0,0,0,0,0,0,12
73.17831643768736,-63.24169753699831,28887709.51641818,29760.261363564314,0,0,0,0,0,0,0,0,0,0,12
73.69991642230639,31.826150597664565,29119879.6448346,29926.79104796635,0,0,0,0,0,0,0,0,0,0,13
-68.99047188023653,67.79109350252097,29478206.74952614,30084.789283201862,0,0,0,0,0,0,0,0,0,0,10
-68.85430393556163,-71.65921086769802,29491588.841547415,30068.076677667854,0,0,0,0,0,0,0,0,0,0,8
73.84221178146913,97.13540491509895,29533424.017526716,30085.450739399395,0,0,0,0,0,0,0,0,0,0,14
-69.17044167352608,-28.211743452735092,29541156.95143595,30138.797246333692,0,0,0,0,0,0,0,0,0,0,17
74.31457803013907,-43.62370449860515,29716634.390574805,30214.746477157016,0,0,0,0,0,0,0,0,0,0,10
-69.0351825345769,-92.39217208625452,29794695.908040173,30205.882815711913,0,0,0,0,0,0,0,0,0,0,16
-69.04305655268838,-97.54476880598104,29845090.618929423,30224.631945441688,0,0,0,0,0,0,0,0,0,0,13
-69.64774210973836,16.412957802316726,29880656.039079756,30309.46464389243,0,0,0,0,0,0,0,0,0,0,8
74.59188366678984,-33.009447349830424,29904512.364525177,30320.600587401565,0,0,0,0,0,0,0,0,0,0,12
74.50246752146455,-59.76411455154385,29952068.230943028,30309.800473566655,0,0,0,0,0,0,0,0,0,0,7
74.75667457317533,15.456647691777164,29970404.317221448,30354.25996842542,0,0,0,0,0,0,0,0,0,0,16
74.60912921871989,-73.73188684721326,30127057.374908227,30389.811673966553,0,0,0,0,0,0,0,0,0,0,8
-69.704826628695,-62.069787143025955,30132789.814301398,30397.09697119493,0,0,0,0,0,0,0,0,0,0,18
-69.8711254086644,61.31130206637033,30175903.376620486,30448.183973705414,0,0,0,0,0,0,0,0,0,0,10
75.01661998373214,19.892385746307568,30189573.804742306,30467.872778913807,0,0,0,0,0,0,0,0,0,0,12
74.50375043247988,-98.05932253510585,30229189.67841666,30418.745648381908,0,0,0,0,0,0,0,0,0,0,7
-70.01412932338656,-26.397099055581293,30234007.12125906,30491.331414877932,0,0,0,0,0,0,0,0,0,0,12
75.01654797039154,-37.69670686796087,30274053.327296447,30503.64685443241,0,0,0,0,0,0,0,0,0,0,10
74.78643284257564,-76.86602155144149,30295676.78155807,30473.32699285094,0,0,0,0,0,0,0,0,0,0,11
75.05678592454223,-38.609475165792915,30311089.581585187,30521.459563473523,0,0,0,0,0,0,0,0,0,0,12
75.04849503080084,-56.669857797854675,30388064.65243473,30536.037770734205,0,0,0,0,0,0,0,0,0,0,12
75.29438281262716,7.900053099614212,30416436.855679844,30574.7407282038,0,0,0,0,0,0,0,0,0,0,15
-70.08650654581635,-59.914110407081786,30437632.691839486,30555.24685964995,0,0,0,0,0,0,0,0,0,0,15
-70.60610272492293,50.28119856242489,30747312.578843657,30745.844343030058,0,0,0,0,0,0,0,0,0,0,8
-70.57155520742391,62.07332366173483,30763943.400742017,30743.126510779774,0,0,0,0,0,0,0,0,0,0,9
75.74287686827839,-11.793115350092691,30810065.628030322,30782.80140002702,0,0,0,0,0,0,0,0,0,0,15
75.92145874314718,27.962373549148325,30957421.302832663,30855.97504567097,0,0,0,0,0,0,0,0,0,0,17
76.09518531305068,19.68210178820904,31093960.8684886,30920.659933269493,0,0,0,0,0,0,0,0,0,0,14
-71.16851267662327,12.411489735556813,31151742.791069355,30944.186813917328,0,0,0,0,0,0,0,0,0,0,17
76.14273935659207,-26.13778176486268,31180093.77607412,30965.08831153354,0,0,0,0,0,0,0,0,0,0,8
76.31588945298569,10.947958491258618,31276184.551354844,31004.621528745243,0,0,0,0,0,0,0,0,0,0,9
75.958343387437,96.57910222923283,31288250.008959148,30968.324842636364,0,0,0,0,0,0,0,0,0,0,17
76.38875295731191,44.308752430329946,31388919.477913123,31068.58499450133,0,0,0,0,0,0,0,0,0,0,10
-71.07101114845057,97.78975548411444,31392090.179103293,31019.051926504682,0,0,0,0,0,0,0,0,0,0,9
-71.46141014349948,61.50589592029871,31512497.32634391,31116.29815619008,0,0,0,0,0,0,0,0,0,0,12
-71.60244435454374,46.2117669903447,31576102.108191047,31160.238395898712,0,0,0,0,0,0,0,0,0,0,16
76.40388081141444,90.27358458027854,31621459.075761322,31135.642932912073,0,0,0,0,0,0,0,0,0,0,10
76.83401108830384,26.101251402910904,31728620.038474064,31237.385908490534,0,0,0,0,0,0,0,0,0,0,11
-72.04882291318764,-0.08326002165976831,31903587.697155457,31319.58888356047,0,0,0,0,0,0,0,0,0,0,18
-72.0505840862466,-2.126194359718397,31906787.71306516,31322.371510583296,0,0,0,0,0,0,0,0,0,0,5
-72.16206261380012,-23.897668123388954,32041563.94739405,31390.963965919436,0,0,0,0,0,0,0,0,0,0,13
77.24239768816949,-8.588632469924022,32078769.06957166,31409.395661501112,0,0,0,0,0,0,0,0,0,0,12
-72.15281475079469,60.07131499151552,32096204.83405599,31405.25351032529,0,0,0,0,0,0,0,0,0,0,7
-72.1863653688014,62.15920088879207,32133887.133496575,31421.432655785386,0,0,0,0,0,0,0,0,0,0,10
77.13078810544602,74.36062422362215,32145543.479952462,31410.291628510946,0,0,0,0,0,0,0,0,0,0,10
-72.45145981634474,7.0049551061385955,32245883.61453981,31481.60816775865,0,0,0,0,0,0,0,0,0,0,5
77.15648432130538,88.51765433712075,32251655.68938979,31444.96340931701,0,0,0,0,0,0,0,0,0,0,7
77.01552684614293,-99.61031208910126,32355360.069824114,31473.321157955048,0,0,0,0,0,0,0,0,0,0,0
-72.69673786175517,-21.01289581536325,32494045.20070845,31612.642797752535,0,0,0,0,0,0,0,0,0,0,15
77.5769802370302,82.91378227220585,32577807.134676673,31606.24548182489,0,0,0,0,0,0,0,0,0,0,8
-73.05568000774136,-10.597487142581315,32783459.407015316,31752.98309039395,0,0,0,0,0,0,0,0,0,0,4
-72.58221260603621,-94.1659075902409,32794695.234001085,31693.862592093858,0,0,0,0,0,0,0,0,0,0,14
-73.1076348487014,-30.100884306193137,32875476.97345418,31794.307520760776,0,0,0,0,0,0,0,0,0,0,12
-72.95249581428291,84.9500626013834,32914779.06760446,31766.9934381744,0,0,0,0,0,0,0,0,0,0,12
-73.42425116158697,2.7432521421154803,33089788.611574057,31894.44223572441,0,0,0,0,0,0,0,0,0,0,9
77.9247581197248,-99.58118766472303,33137637.195686962,31853.292457039137,0,0,0,0,0,0,0,0,0,0,0
78.40854528495828,68.74262979082667,33220832.05376623,31941.3316494733,0,0,0,0,0,0,0,0,0,0,15
78.62719144298217,-61.51781505839142,33469188.101824645,32043.938221110904,0,0,0,0,0,0,0,0,0,0,19
-73.92486845230657,18.17091622539546,33529413.706927516,32107.61566619416,0,0,0,0,0,0,0,0,0,0,10
78.93690797064573,61.03979197957071,33647562.90456878,32155.54113965078,0,0,0,0,0,0,0,0,0,0,8
79.36862171153871,6.891457107824877,33916608.206071876,32286.92966173843,0,0,0,0,0,0,0,0,0,0,15
-74.41126754812011,37.35878339597599,33987042.29985156,32331.091153606423,0,0,0,0,0,0,0,0,0,0,10
-74.30741241773767,-48.512166351262564,33998046.79766549,32316.625381801077,0,0,0,0,0,0,0,0,0,0,12
79.2830556366822,-70.8053354274657,34102084.56694981,32334.733262415568,0,0,0,0,0,0,0,0,0,0,11
79.45364919713316,-54.765706116432966,34158208.75243379,32384.298368912358,0,0,0,0,0,0,0,0,0,0,8
-74.58642985158315,-63.916104026979134,34326890.4973753,32449.2166416919,0,0,0,0,0,0,0,0,0,0,13
-74.74570725048801,64.35930964967059,34375652.69648568,32498.556354854634,0,0,0,0,0,0,0,0,0,0,11
-74.39713859322555,-97.2650755032592,34404578.279899985,32461.799158478054,0,0,0,0,0,0,0,0,0,0,12
79.80976996028167,65.30070403413518,34436795.589993306,32526.404087352435,0,0,0,0,0,0,0,0,0,0,14
79.45289765329827,-97.8947485534247,34459322.12255214,32486.99546473895,0,0,0,0,0,0,0,0,0,0,9
79.61951260037625,-84.67858023102224,34497989.07630856,32516.992007650337,0,0,0,0,0,0,0,0,0,0,9
-75.05610136381738,20.783451439098656,34531499.28809258,32585.346024242404,0,0,0,0,0,0,0,0,0,0,16
-74.95696823376352,61.70675809882252,34551498.36284707,32584.633416279503,0,0,0,0,0,0,0,0,0,0,11
-75.1089914292293,-10.331552557312065,34588234.926696286,32615.10795283362,0,0,0,0,0,0,0,0,0,0,10
-75.16939073730182,3.4122753328632314,34628026.76741623,32626.731834333907,0,0,0,0,0,0,0,0,0,0,13
80.04024068230683,-46.32643828680463,34637188.03561586,32622.227524855673,0,0,0,0,0,0,0,0,0,0,11
80.06950972091809,-42.94523104759029,34648376.12026439,32631.13931383319,0,0,0,0,0,0,0,0,0,0,19
80.56769634786335,3.4462044006587007,34984068.95344491,32793.986261701946,0,0,0,0,0,0,0,0,0,0,15
-75.53184387397869,-65.92297949442296,35180831.66617012,32848.29740656547,0,0,0,0,0,0,0,0,0,0,15
80.77017162300768,-54.031843584038405,35327395.00176745,32936.503925247256,0,0,0,0,0,0,0,0,0,0,11
-75.92847251173178,37.984005179540134,35341328.199810855,32968.9424601069,0,0,0,0,0,0,0,0,0,0,12
-75.58685740473017,-85.40932732939655,35365416.862808205,32923.53437716539,0,0,0,0,0,0,0,0,0,0,9
80.86913049967495,-52.28677857286732,35407475.170020394,32976.321588436345,0,0,0,0,0,0,0,0,0,0,13
-76.24480002277954,-0.4804373845936283,35595952.89221522,33082.29644695201,0,0,0,0,0,0,0,0,0,0,6
81.1670751071145,-34.50674385125147,35599646.27909625,33083.67828883934,0,0,0,0,0,0,0,0,0,0,13
-76.25402731858307,55.39387909811305,35688857.81319236,33123.08535290299,0,0,0,0,0,0,0,0,0,0,15
-76.39309564743569,-25.58588987789166,35775495.439319864,33169.68606180088,0,0,0,0,0,0,0,0,0,0,4
81.36225728554288,67.56072335761647,35839130.973869324,33180.70878328563,0,0,0,0,0,0,0,0,0,0,13
-76.37080767234809,76.22915164107192,35891578.810625635,33192.96837402727,0,0,0,0,0,0,0,0,0,0,13
81.13875672560482,-89.60072512810416,35895076.52348976,33166.802486687135,0,0,0,0,0,0,0,0,0,0,10
-76.61235991730155,72.80709656095118,36092239.09070304,33290.998261827604,0,0,0,0,0,0,0,0,0,0,11
81.81302559687333,-36.20800112020186,36191585.90633249,33356.678751807005,0,0,0,0,0,0,0,0,0,0,13
-76.92264474308547,6.741673084900526,36207879.400100395,33359.769119011,0,0,0,0,0,0,0,0,0,0,3
-76.87646766499165,-35.54404205651021,36246930.61188822,33382.66046135301,0,0,0,0,0,0,0,0,0,0,13
81.94765538783582,-20.163658564600766,36265349.171839364,33397.17892145564,0,0,0,0,0,0,0,0,0,0,15
81.91805072500216,-31.503355398569795,36270743.11644501,33396.084659899454,0,0,0,0,0,0,0,0,0,0,7
-76.68616425361316,-95.70048838384541,36441824.8997896,33413.91812316185,0,0,0,0,0,0,0,0,0,0,12
-77.13158161395681,-26.197251437460764,36449216.36341193,33480.46152929932,0,0,0,0,0,0,0,0,0,0,10
-77.2929079806981,51.8263340724279,36621250.751946144,33555.84768596562,0,0,0,0,0,0,0,0,0,0,13
-77.1772146261081,-66.0544258266653,36671111.80578287,33539.48456879207,0,0,0,0,0,0,0,0,0,0,10
82.60842660240928,55.08803603219309,36922734.86265353,33691.62720904409,0,0,0,0,0,0,0,0,0,0,9
-77.85592628546631,-86.72002479524772,37439265.112999916,33875.93726171066,0,0,0,0,0,0,0,0,0,0,10
-78.27377785451732,-11.20297972663522,37466808.88021707,33945.189678623916,0,0,0,0,0,0,0,0,0,0,12
83.26720457209416,38.50048689798845,37479660.68721746,33951.726407177535,0,0,0,0,0,0,0,0,0,0,15
83.19276131423953,-60.93110456447608,37575491.45649653,33960.890856545084,0,0,0,0,0,0,0,0,0,0,11
83.39797261917661,34.06543503524583,37591085.84751986,34002.21393508942,0,0,0,0,0,0,0,0,0,0,9
83.54622019269641,39.71556015640709,37741812.76624679,34070.1280410889,0,0,0,0,0,0,0,0,0,0,14
-78.44462857495864,84.10489771377397,37839939.39017665,34071.84889919641,0,0,0,0,0,0,0,0,0,0,18
83.41599108328046,-73.785272443792,37863051.75323717,34071.240090142615,0,0,0,0,0,0,0,0,0,0,12
83.74040148265453,-14.464626383729325,37906590.398125485,34144.43324909863,0,0,0,0,0,0,0,0,0,0,8
-78.60691883546113,-67.36040989734266,37998694.70450443,34141.26632079102,0,0,0,0,0,0,0,0,0,0,5
83.77822934986509,-46.05122905752324,38043560.400921315,34191.907556000864,0,0,0,0,0,0,0,0,0,0,13
83.89128565863354,-48.73010354526088,38161510.88695794,34242.07008017135,0,0,0,0,0,0,0,0,0,0,9
83.8298475505575,-67.50834170026522,38207477.72924505,34235.04431293441,0,0,0,0,0,0,0,0,0,0,3
-79.10119408925765,15.190160736694395,38222824.03447787,34278.691678224895,0,0,0,0,0,0,0,0,0,0,11
84.40101134799858,13.101038642801853,38503321.84663139,34402.5258048022,0,0,0,0,0,0,0,0,0,0,16
-79.34084929579018,95.65417427609847,38753954.06393719,34469.43752846859,0,0,0,0,0,0,0,0,0,0,18
84.62671926734663,-52.74339419534204,38871442.736922026,34554.96548648093,0,0,0,0,0,0,0,0,0,0,16
84.8233008952773,-35.48748865951529,38981847.098026104,34620.273864675975,0,0,0,0,0,0,0,0,0,0,6
84.95656413381874,34.57622741908122,39053567.6004199,34657.333163622956,0,0,0,0,0,0,0,0,0,0,12
-80.11160265637946,-16.519020282212438,39200345.40467742,34722.3921359616,0,0,0,0,0,0,0,0,0,0,9
84.97403491169726,-73.40066051037448,39321671.95764942,34721.49532342322,0,0,0,0,0,0,0,0,0,0,8
-80.1554977656518,-58.77237324849263,39403602.60210029,34783.08143482225,0,0,0,0,0,0,0,0,0,0,13
85.25663275366944,58.223493195485645,39410650.96310262,34807.00924973665,0,0,0,0,0,0,0,0,0,0,12
-80.4510896427133,-29.60676698878713,39557379.767273635,34878.06441692838,0,0,0,0,0,0,0,0,0,0,9
85.47079934393906,-36.80144535476349,39601050.009512424,34893.53716980917,0,0,0,0,0,0,0,0,0,0,15
85.57311272948672,47.19304705609454,39672362.47874947,34928.90039344052,0,0,0,0,0,0,0,0,0,0,14
85.37315541811427,-73.37109199836914,39700274.63127841,34889.09636760636,0,0,0,0,0,0,0,0,0,0,11
-80.77275784110219,24.261919102907115,39812731.592339605,34989.82021236583,0,0,0,0,0,0,0,0,0,0,12
-80.49553089272152,-74.11175814069139,39821811.90845604,34941.46718757967,0,0,0,0,0,0,0,0,0,0,11
-80.75639931777565,-33.027505800677105,39859963.63804851,35009.71521926644,0,0,0,0,0,0,0,0,0,0,13
-80.58146641119777,-72.24063904151015,39891124.2490476,34975.45653174457,0,0,0,0,0,0,0,0,0,0,14
85.51211413194574,-81.68284330635626,39891562.1727159,34971.11223707238,0,0,0,0,0,0,0,0,0,0,11
-80.86060120703618,-34.9975983195655,39966568.97982901,35055.450105274766,0,0,0,0,0,0,0,0,0,0,9
-81.01801978364699,58.637942724910346,40139011.207735084,35127.20625185664,0,0,0,0,0,0,0,0,0,0,8
86.1542161878067,27.729692316469666,40183062.92196382,35153.50049119528,0,0,0,0,0,0,0,0,0,0,13
86.08573832509629,-51.73749108894654,40254194.994532414,35166.74758762939,0,0,0,0,0,0,0,0,0,0,8
-81.46785127637258,51.24705386094868,40543621.6313108,35308.744589937436,0,0,0,0,0,0,0,0,0,0,11
86.52116054499396,-60.34604753191941,40719011.95358097,35358.233476429385,0,0,0,0,0,0,0,0,0,0,12
86.83884354338153,-46.13851981159078,40953503.15459637,35477.452808031834,0,0,0,0,0,0,0,0,0,0,10
-82.00428825770166,-7.153616097995936,40999893.48465451,35507.95468433268,0,0,0,0,0,0,0,0,0,0,13
86.81967195123096,-72.7327589352899,41084182.62671895,35495.99497845228,0,0,0,0,0,0,0,0,0,0,11
87.15916668045907,41.70800926939219,41183444.01607581,35589.5580150622,0,0,0,0,0,0,0,0,0,0,12
-82.27108761304866,26.354783916330817,41260776.80338535,35621.21158139676,0,0,0,0,0,0,0,0,0,0,13
86.86710234392612,-94.37864223168393,41294390.568862624,35575.584706456175,0,0,0,0,0,0,0,0,0,0,0
86.93229563501751,-87.41679775141398,41300528.16961636,35581.949968691566,0,0,0,0,0,0,0,0,0,0,3
87.32871692842127,-20.989161436014697,41341403.72019462,35658.05027137296,0,0,0,0,0,0,0,0,0,0,15
87.23445486248596,73.29163280468151,41382255.7824333,35652.76267504879,0,0,0,0,0,0,0,0,0,0,16
87.4553774025822,29.381333266514673,41445000.04736564,35701.63984235105,0,0,0,0,0,0,0,0,0,0,14
-82.44619260014025,51.75226464591458,41493949.35929963,35720.153156704815,0,0,0,0,0,0,0,0,0,0,13
-82.26812815720872,-89.42743946958424,41642754.458791845,35728.359888122,0,0,0,0,0,0,0,0,0,0,3
87.61095893233406,79.95760899269783,41786278.66962194,35817.560360573,0,0,0,0,0,0,0,0,0,0,13
87.8950527463899,39.91701142349018,41897078.61803677,35896.83916490725,0,0,0,0,0,0,0,0,0,0,10
-82.87741011386115,52.35178571213217,41917648.85578918,35901.86403353381,0,0,0,0,0,0,0,0,0,0,11
-82.56745465382099,-90.9056163835701,41946574.78853079,35857.91289444788,0,0,0,0,0,0,0,0,0,0,3
87.98906197712483,8.492239581920586,41950110.15040902,35905.91379081052,0,0,0,0,0,0,0,0,0,0,13
-82.97743395165696,-54.58523737750956,42104454.822776236,35964.10749707343,0,0,0,0,0,0,0,0,0,0,7
-83.02297976450103,-58.66416425823917,42171109.59328312,35987.315665348666,0,0,0,0,0,0,0,0,0,0,8
87.89998696959054,-82.7026295223525,42207509.88780564,35972.30244185591,0,0,0,0,0,0,0,0,0,0,2
88.08334188063066,-68.77054700540705,42290656.83604498,36022.77413687028,0,0,0,0,0,0,0,0,0,0,12
-83.03419357930106,-94.70099392641049,42435313.81883447,36064.395897927076,0,0,0,0,0,0,0,0,0,0,0
88.42839626352881,87.50654855121189,42635070.89736485,36168.43297923331,0,0,0,0,0,0,0,0,0,0,4
88.685508941568,64.22081430949913,42761409.67336131,36253.13456976806,0,0,0,0,0,0,0,0,0,0,9
88.84996158173868,-21.054086451125272,42836286.238671735,36297.03795078137,0,0,0,0,0,0,0,0,0,0,14
88.89519550602068,13.202402753618372,42844829.157190144,36290.18451528231,0,0,0,0,0,0,0,0,0,0,9
-83.7668770791315,70.39605949242429,42871479.745828636,36293.484432727666,0,0,0,0,0,0,0,0,0,0,13
-83.88290792546815,-41.60203612217235,42936902.13517596,36331.42336481879,0,0,0,0,0,0,0,0,0,0,11
-83.87783888079761,-43.485813299524814,42939837.40988197,36331.17814323452,0,0,0,0,0,0,0,0,0,0,13
-83.76487313056622,-80.88514669052616,43046199.57339428,36328.372408648254,0,0,0,0,0,0,0,0,0,0,5
-84.09484312458125,66.53499088062759,43178069.03432557,36427.36910320476,0,0,0,0,0,0,0,0,0,0,16
-83.82651230656344,-90.5106440014017,43182008.112120055,36383.01407614773,0,0,0,0,0,0,0,0,0,0,0
89.00631742786538,-68.78178986670599,43202438.84153129,36410.43510957017,0,0,0,0,0,0,0,0,0,0,4
-84.2106712186983,-44.2110857759132,43273658.6939794,36471.6929976292,0,0,0,0,0,0,0,0,0,0,14
-84.02336487097924,-96.13148610205215,43424477.72191558,36482.16097437548,0,0,0,0,0,0,0,0,0,0,0
89.420216969785,-31.022512766671355,43432086.300402135,36546.51364007637,0,0,0,0,0,0,0,0,0,0,13
-84.58302619655171,3.344104750984741,43530334.36708683,36580.52689780072,0,0,0,0,0,0,0,0,0,0,16
89.57386321682364,48.39123508894002,43583481.38805725,36610.41378615487,0,0,0,0,0,0,0,0,0,0,12
-84.46011212266025,81.2990366716123,43620543.89506295,36595.54612818892,0,0,0,0,0,0,0,0,0,0,7
-84.63428539533379,42.99115831233155,43627653.74096042,36630.39102435254,0,0,0,0,0,0,0,0,0,0,14
89.72002806678242,38.17691354314661,43700996.10250967,36661.58870159176,0,0,0,0,0,0,0,0,0,0,13
89.5095837065374,-78.29575040089179,43768074.81950578,36631.893240535304,0,0,0,0,0,0,0,0,0,0,1
-84.63850742301315,98.06992247658786,43909777.28641577,36691.10587024926,0,0,0,0,0,0,0,0,0,0,1
-84.5346200429295,-95.98412182701182,43932532.293005526,36695.42354342557,0,0,0,0,0,0,0,0,0,0,0
-85.04188699180236,18.808866494582887,43992905.32254899,36777.401403051575,0,0,0,0,0,0,0,0,0,0,13
90.03348463560044,-9.046444583396735,43993869.39291432,36782.10999153559,0,0,0,0,0,0,0,0,0,0,12
-85.07665591785734,-51.29609855967805,44172969.99803467,36842.49158405975,0,0,0,0,0,0,0,0,0,0,8
-85.04972596415776,78.16879898608065,44192996.15701119,36840.05370393234,0,0,0,0,0,0,0,0,0,0,6
-85.21438520830492,-29.75875149270233,44224080.631491154,36878.800538980766,0,0,0,0,0,0,0,0,0,0,10
-85.22775000347174,82.61930207004022,44398159.47978366,36919.274303528175,0,0,0,0,0,0,0,0,0,0,4
-85.50121636369919,58.13516844002277,44550773.68363883,37009.64604119368,0,0,0,0,0,0,0,0,0,0,16
90.42092628914202,-73.02840012841365,44646587.46009658,37008.81744156806,0,0,0,0,0,0,0,0,0,0,1
90.54623566294583,-68.65983170880641,44744554.41464471,37057.07881014605,0,0,0,0,0,0,0,0,0,0,2
-85.78785477663988,0.8603529998754169,44744554.43607519,37089.03865318887,0,0,0,0,0,0,0,0,0,0,11
-85.62084752057314,-69.66894130183294,44826469.722198755,37089.42489994254,0,0,0,0,0,0,0,0,0,0,3
-85.70750179937096,-57.5342149309757,44841932.63697356,37113.68497066677,0,0,0,0,0,0,0,0,0,0,7
-85.96226802287094,25.398643899748976,44929813.77431824,37170.551213505554,0,0,0,0,0,0,0,0,0,0,19
-86.09779263401451,9.295075635474447,45056528.82407272,37211.367981921576,0,0,0,0,0,0,0,0,0,0,14
-86.08540072411999,40.478555341524356,45084549.16844171,37237.34685947193,0,0,0,0,0,0,0,0,0,0,5
91.01991547525961,64.033913095092,45101528.996401265,37233.39841270412,0,0,0,0,0,0,0,0,0,0,11
-86.18784821632359,-9.674483711775636,45162465.76794504,37267.57073456768,0,0,0,0,0,0,0,0,0,0,25
-86.18219979291526,68.73450517292179,45288713.55047289,37306.258418197336,0,0,0,0,0,0,0,0,0,0,4
-86.15237461686871,75.79603290659267,45294987.94519768,37300.79337199145,0,0,0,0,0,0,0,0,0,0,5
90.96165997534717,-90.14511492736776,45321190.64568161,37274.40921447722,0,0,0,0,0,0,0,0,0,0,0
-86.4243799767091,45.91433804737824,45445179.73584242,37385.15392826521,0,0,0,0,0,0,0,0,0,0,8
-86.27249657270517,-73.15183741910263,45511098.18813518,37366.60039795527,0,0,0,0,0,0,0,0,0,0,0
91.54552924850364,17.154770496513166,45515796.553854585,37407.27705486804,0,0,0,0,0,0,0,0,0,0,12
-86.59076791168698,-12.035575903380419,45577468.99511707,37439.15809881191,0,0,0,0,0,0,0,0,0,0,9
91.38700777141025,83.66764758602511,45579752.42562151,37407.21091157833,0,0,0,0,0,0,0,0,0,0,2
-86.26684220996894,-88.98333718070104,45622260.172803216,37398.49005530911,0,0,0,0,0,0,0,0,0,0,0
91.828737692158,16.084186453451224,45805095.80145687,37525.154017159824,0,0,0,0,0,0,0,0,0,0,15
-87.00810305523667,47.842289910158854,46049018.60492307,37632.24557310956,0,0,0,0,0,0,0,0,0,0,6
-87.1194761594781,26.010037630489947,46113536.90733759,37657.1900246113,0,0,0,0,0,0,0,0,0,0,11
-87.00501515963848,-52.18791690543523,46137490.42847791,37653.2942839536,0,0,0,0,0,0,0,0,0,0,3
91.93101942302025,-73.60842761374617,46187777.77395864,37643.63658528227,0,0,0,0,0,0,0,0,0,0,0
-87.31023070593497,12.814663893229806,46298733.69454709,37724.11156038592,0,0,0,0,0,0,0,0,0,0,6
-87.40515307788006,-3.697736153003632,46402666.3293933,37772.862028862626,0,0,0,0,0,0,0,0,0,0,9
92.33690634146222,75.71257842540408,46508117.606293514,37798.21324183954,0,0,0,0,0,0,0,0,0,0,0
92.59957238852553,32.89285415230694,46620340.70963746,37865.713257333024,0,0,0,0,0,0,0,0,0,0,8
-87.4130625115992,96.35273372117737,46717070.074263714,37850.83898859284,0,0,0,0,0,0,0,0,0,0,0
-87.63144173794386,84.11255528998112,46861222.50767433,37930.318085226405,0,0,0,0,0,0,0,0,0,0,0
93.05391971397285,-33.44218576850275,47141925.94018617,38075.088465637105,0,0,0,0,0,0,0,0,0,0,5
92.80577705019354,-81.7934582850604,47148447.07075117,38020.19518183608,0,0,0,0,0,0,0,0,0,0,0
93.132708669929,4.291296335266111,47150921.48356711,38070.446345034914,0,0,0,0,0,0,0,0,0,0,9
92.95283608735693,81.84748346827345,47180624.28260761,38063.03864015818,0,0,0,0,0,0,0,0,0,0,0
-88.19406011725867,2.0607643036083942,47215842.25544787,38098.44448494503,0,0,0,0,0,0,0,0,0,0,14
92.74389869465446,-99.34139869186482,47227589.78973836,38046.973850441165,0,0,0,0,0,0,0,0,0,0,0
-88.31959529206885,28.404257232502374,47360099.15609567,38163.63427990141,0,0,0,0,0,0,0,0,0,0,10
93.3496523262194,11.015773995200902,47376171.13867976,38158.86975100735,0,0,0,0,0,0,0,0,0,0,15
93.4520389428227,53.294194851070756,47563290.249895364,38244.15055083661,0,0,0,0,0,0,0,0,0,0,0
-88.27564884378442,-75.72979448568859,47593198.40909482,38210.50230887513,0,0,0,0,0,0,0,0,0,0,0
-88.6659232232023,30.43563190910436,47725273.63690585,38311.12338565407,0,0,0,0,0,0,0,0,0,0,10
-88.30206131684082,-93.41413610466182,47756417.17431985,38262.50403875344,0,0,0,0,0,0,0,0,0,0,0
94.02097034073398,-24.502604314422,48124764.593838386,38472.310147422686,0,0,0,0,0,0,0,0,0,0,0
94.02509235192957,-39.69480239762797,48180294.65737013,38489.233590208045,0,0,0,0,0,0,0,0,0,0,0
-89.09633626294593,-27.426502362656777,48212364.30145079,38506.88773279995,0,0,0,0,0,0,0,0,0,0,1
-89.08570540782932,52.219960271681884,48223370.40078659,38509.21623156001,0,0,0,0,0,0,0,0,0,0,0
94.13358168972891,-84.46269651047851,48555280.604673795,38583.22523583812,0,0,0,0,0,0,0,0,0,0,0
-89.0218410951316,-99.87254157330219,48565642.50397391,38582.74720248492,0,0,0,0,0,0,0,0,0,0,0
94.52326481049505,49.110842072818855,48673898.53475896,38689.88206248074,0,0,0,0,0,0,0,0,0,0,1
94.4810803383215,-52.52126290297412,48718559.36213154,38693.57500499801,0,0,0,0,0,0,0,0,0,0,0
94.42998877621486,-86.650972691221,48884558.53255509,38713.68822653148,0,0,0,0,0,0,0,0,0,0,0
94.8577301074051,-16.499565967864058,48988574.12524624,38815.746211078,0,0,0,0,0,0,0,0,0,0,2
-90.09827777344759,27.76784105215522,49231733.11370125,38910.044505900136,0,0,0,0,0,0,0,0,0,0,1
94.95062956755095,88.1189720643224,49317114.810046785,38908.38339043573,0,0,0,0,0,0,0,0,0,0,0
94.90301954642334,95.74785417832666,49318478.240629345,38896.01606367613,0,0,0,0,0,0,0,0,0,0,0
95.46452249684577,-22.110504431104587,49647072.426126234,39076.20995310633,0,0,0,0,0,0,0,0,0,0,0
-90.48310048117014,42.98456129565301,49674572.00368932,39086.88676338711,0,0,0,0,0,0,0,0,0,0,0
-90.63624224021667,22.05112167035456,49797807.813777596,39130.27286256136,0,0,0,0,0,0,0,0,0,0,2
-90.64197589799569,-8.954224044433417,49810171.3704119,39137.584101202614,0,0,0,0,0,0,0,0,0,0,3
-90.79123853833396,-35.98090797094574,50039639.34457123,39227.301094071205,0,0,0,0,0,0,0,0,0,0,0
-90.62857904025203,-73.97364024841902,50064900.64750317,39196.976837154274,0,0,0,0,0,0,0,0,0,0,0
-90.77664491026667,76.7417202788684,50129203.03532966,39243.932582590875,0,0,0,0,0,0,0,0,0,0,0
-90.92743058805723,59.26122534241182,50206224.494972855,39289.78207232644,0,0,0,0,0,0,0,0,0,0,0
96.05668539086986,84.72946102900733,50476511.41078991,39369.537325194346,0,0,0,0,0,0,0,0,0,0,0
-91.3667864178636,39.2310510972834,50612458.994940855,39454.28134659998,0,0,0,0,0,0,0,0,0,0,0
-91.41223789244097,-23.068977648265587,50666143.557470895,39475.20889247347,0,0,0,0,0,0,0,0,0,0,0
-91.45013657844245,19.79999459274238,50669627.8914512,39469.857357538574,0,0,0,0,0,0,0,0,0,0,1
96.4924431098423,-12.811815959973558,50729991.50441918,39498.63792209374,0,0,0,0,0,0,0,0,0,0,0
96.32042137730426,-84.70099455288909,50885013.15454991,39498.27797302067,0,0,0,0,0,0,0,0,0,0,0
-91.77576737137474,-33.366333052285114,51090253.75249757,39638.188629029675,0,0,0,0,0,0,0,0,0,0,0
96.6180429221647,-80.4537839165566,51174183.61781761,39619.031811225745,0,0,0,0,0,0,0,0,0,0,0
-91.70558826974882,86.20245625262822,51185106.01288075,39643.549529547134,0,0,0,0,0,0,0,0,0,0,0
96.83202363378408,74.55557373711247,51253764.98269722,39685.00549992643,0,0,0,0,0,0,0,0,0,0,0
96.98792251610982,47.57129020363999,51307530.979642466,39723.498746969766,0,0,0,0,0,0,0,0,0,0,0
97.04751606776082,7.829599289450954,51311252.40426,39711.12714917009,0,0,0,0,0,0,0,0,0,0,0
96.91037549383213,88.0469018193638,51418635.98526467,39731.404609228855,0,0,0,0,0,0,0,0,0,0,0
-92.28458922149176,39.21762755742705,51606276.65693416,39839.74510058396,0,0,0,0,0,0,0,0,0,0,0
97.32341920425952,8.215950590755213,51611125.165900365,39826.620115198246,0,0,0,0,0,0,0,0,0,0,0
97.55823750716789,42.6622804672721,51913492.40731942,39958.12203347777,0,0,0,0,0,0,0,0,0,0,0
-92.62048596251617,41.9319536824178,51979450.37404462,39983.53605793921,0,0,0,0,0,0,0,0,0,0,0
97.73013832094523,35.26982362646268,52083087.113123305,40022.92791842345,0,0,0,0,0,0,0,0,0,0,0
-92.69915912394563,-58.978428921198734,52210394.35272466,40051.62526097835,0,0,0,0,0,0,0,0,0,0,0
-92.70189735981889,80.42395156650463,52233079.852772824,40056.22084269044,0,0,0,0,0,0,0,0,0,0,0
98.03749831350831,-7.407783375409352,52402391.80174775,40142.15707504889,0,0,0,0,0,0,0,0,0,0,0
-92.94996756861913,-55.031136006523475,52463496.25431126,40153.01751482656,0,0,0,0,0,0,0,0,0,0,0
98.18000116808767,64.91827089890003,52675964.432868205,40241.51876149572,0,0,0,0,0,0,0,0,0,0,0
-93.0775077896706,99.6991619748726,52772524.230234005,40233.25243363652,0,0,0,0,0,0,0,0,0,0,0
98.44657713202588,-8.270267054550516,52853208.85472883,40314.832662505425,0,0,0,0,0,0,0,0,0,0,0
-93.6640113213241,42.67302803461996,53127236.78685831,40422.557782990734,0,0,0,0,0,0,0,0,0,0,0
-93.49847208688058,85.7188892423672,53139473.43753938,40396.077165732204,0,0,0,0,0,0,0,0,0,0,0
98.69532176315693,-37.44110441542385,53203747.01648555,40448.47624494133,0,0,0,0,0,0,0,0,0,0,0
-93.72923790857845,61.88605287798313,53267454.46954318,40469.16597448094,0,0,0,0,0,0,0,0,0,0,0
98.82597306352162,-54.79800535890706,53426575.922279626,40520.70669203797,0,0,0,0,0,0,0,0,0,0,0
-94.04033218920299,41.399011285731376,53540042.67624154,40579.33853075098,0,0,0,0,0,0,0,0,0,0,0
98.9237958021505,75.85576991796128,53551185.2510005,40564.85000682117,0,0,0,0,0,0,0,0,0,0,0
99.16643193962648,-1.1561937865549794,53641079.70616808,40610.05760842968,0,0,0,0,0,0,0,0,0,0,0
98.84441163756571,-91.86972098149101,53697252.777793415,40574.573227446934,0,0,0,0,0,0,0,0,0,0,0
-94.242817031572,77.85286017675048,53916020.3654875,40700.836013436994,0,0,0,0,0,0,0,0,0,0,0
-94.40771414495404,-35.38279820785853,53985706.19283986,40745.62273908855,0,0,0,0,0,0,0,0,0,0,0
99.34665083632018,73.85618800164292,54009490.816943824,40740.449539256115,0,0,0,0,0,0,0,0,0,0,0
-94.31876124418392,87.39710132196171,54058018.6409697,40742.27682387922,0,0,0,0,0,0,0,0,0,0,0
-94.44035082712594,98.00102275931027,54266025.95425145,40803.948370152204,0,0,0,0,0,0,0,0,0,0,0
-94.85148957787123,-15.099038393648343,54423585.19190578,40911.724661099564,0,0,0,0,0,0,0,0,0,0,0
99.66572802797972,-72.98675981287892,54467960.73657925,40891.592531564376,0,0,0,0,0,0,0,0,0,0,0
99.884667792181,-34.73843969467538,54515295.105886355,40945.298912410704,0,0,0,0,0,0,0,0,0,0,0
99.94085972126223,47.505577616737696,54560489.2218869,40963.66666054687,0,0,0,0,0,0,0,0,0,0,0
-94.71827505959789,96.18726348625978,54562662.22741837,40918.86278851738,0,0,0,0,0,0,0,0,0,0,0
-94.81488895133407,-80.88150324098433,54690102.960263394,40962.1348628013,0,0,0,0,0,0,0,0,0,0,0
-95.57824815593119,64.52778119299808,55341444.16392397,41248.392006684095,0,0,0,0,0,0,0,0,0,0,0
-96.03508923675514,-13.586315898100509,55751516.08283881,41407.323795335265,0,0,0,0,0,0,0,0,0,0,0
-96.05547376130563,-50.729527874193494,55899933.56023347,41453.02850762257,0,0,0,0,0,0,0,0,0,0,0
-96.07859476129093,-57.597640150609394,55961668.913554914,41469.6074398928,0,0,0,0,0,0,0,0,0,0,0
-96.25224061739013,-68.46200217294617,56222523.68772753,41553.40306147679,0,0,0,0,0,0,0,0,0,0,0
-97.62610181496214,15.196433578178414,57546430.38650199,42059.159195862274,0,0,0,0,0,0,0,0,0,0,0
-97.73456308002552,-47.89084656317133,57802293.535072,42155.407340173886,0,0,0,0,0,0,0,0,0,0,0
-97.84093590633933,-47.84560705305794,57924549.96722539,42200.03868771558,0,0,0,0,0,0,0,0,0,0,0
-98.10545976846845,-72.07788068092067,58366690.524355166,42335.370983437664,0,0,0,0,0,0,0,0,0,0,0
-98.37739828515622,57.18672357975305,58506872.41615231,42416.69400334536,0,0,0,0,0,0,0,0,0,0,0
-98.67468780352242,14.362685839387979,58757641.26966079,42498.7315633188,0,0,0,0,0,0,0,0,0,0,0
-98.32380123236368,-91.05860045627887,58760099.92150989,42446.05511804902,0,0,0,0,0,0,0,0,0,0,0
-98.54244163072383,93.52076141011017,58895854.684890985,42522.34624631412,0,0,0,0,0,0,0,0,0,0,0
-99.02095522889314,44.59508709506298,59211282.391606465,42674.396283230184,0,0,0,0,0,0,0,0,0,0,0
-99.03526182184872,-98.37336471428317,59648700.53460078,42763.85953567562,0,0,0,0,0,0,0,0,0,0,0
-99.36632211049937,67.3821071507883,59702278.398886874,42842.23739356052,0,0,0,0,0,0,0,0,0,0,0
-99.44878916929329,51.711243879214976,59733803.48361008,42861.20269498239,0,0,0,0,0,0,0,0,0,0,0
-99.64671883774392,-37.97520287242335,59981358.90896133,42948.59711472488,0,0,0,0,0,0,0,0,0,0,0
-99.81530109856085,49.06085715971767,60154535.37855503,43012.487318555286,0,0,0,0,0,0,0,0,0,0,0
-99.97630318843977,37.38500746675854,60311028.23967465,43068.432346611466,0,0,0,0,0,0,0,0,0,0,0