a,b,sse,sae,2,4,8,16,32,64,128,250,500,1000
2.504169858452613,12.634953405905037,541.8281422971409,149.03308964210652,17,46,79,139,291,610,1235,2406,4935,9815
2.97509052631861,-9.688858780981647,15615.79233100923,766.2432100202475,16,37,95,129,271,473,870,1357,1622,33
1.4930517719345744,34.37078673829495,32210.792381705298,1040.2022562700931,20,41,60,125,232,404,659,834,633,2
4.598167219834352,29.300728084123136,42166.136607469496,1078.1090161436755,11,37,70,150,214,406,645,790,650,44
-0.2240290360113022,7.778590480955955,42653.88373478917,1145.313604643791,27,44,78,142,281,443,708,1005,1051,96
5.940905307171505,-5.789458184537025,76928.47138004565,1509.4672465294354,14,46,60,113,227,359,540,583,382,5
-1.22835300997491,7.2097938283155685,79920.93516213933,1567.6984703611467,17,26,65,145,238,328,468,495,183,0
5.304210304045043,-25.104670470713558,92825.30822880751,1592.9282820357298,17,40,45,114,205,308,324,322,154,4
1.1879966809282791,-36.32864932029665,94122.70896842453,1858.4746221321625,10,34,72,110,163,200,262,154,40,0
-0.47492752091248747,44.01701205796536,101073.948624053,1662.1704033559995,14,38,75,102,186,283,314,276,81,0
1.835583168027739,59.67123647258035,107804.46386279663,2077.5206953757943,16,40,51,86,127,181,146,83,11,0
0.97497859642111,58.12994868606734,112313.2883888052,2014.3278961287606,20,31,56,103,143,169,158,73,13,0
-1.8504337244586537,19.019866423600433,112753.11706082585,1851.1788940438846,20,36,66,120,240,260,360,259,60,1
1.6654332071265117,62.12334436444027,119703.59831532258,2178.0571189420507,11,36,51,82,123,132,107,41,2,0
0.8334175914742445,-41.86850976133263,122034.64904498961,2085.608900214639,13,44,61,91,126,192,141,85,9,0
5.439242392415949,-34.51446750430517,127222.56129900512,1879.160460032199,22,37,70,113,141,206,211,102,7,0
-0.7396626184602155,-31.653681615028617,128005.27066261513,1871.6129716492117,13,44,62,101,168,239,243,172,50,0
6.903178415467863,33.00160961770973,134906.17394333595,1981.257287827274,20,44,74,112,184,284,295,265,59,0
6.530671752084302,-27.33324866256372,147378.15009071212,2020.4534027765305,18,27,59,103,160,220,204,101,16,0
3.1417278132160646,70.12153347189721,155533.33173731042,2505.9828723477854,12,28,49,90,97,89,42,14,0,0
6.929533892998776,-26.532033715901207,164386.76494245642,2145.5223679338947,22,36,75,102,165,200,174,74,10,0
-1.23122552410004,56.88825875576154,173937.23044614252,2182.250007256448,20,26,58,84,114,132,92,28,0,0
2.8691969750527875,-56.64062428005943,177438.75256358084,2691.2655954824363,25,25,50,57,59,66,20,3,0,0
1.8310435963032887,-56.63340564555788,179186.16672807708,2690.969631467872,19,30,48,71,72,49,31,2,0,0
5.364194265363011,-47.7912850690545,179323.9669046773,2329.4278883076463,13,20,52,79,99,85,47,12,1,0
7.279759561865134,-26.14958552068694,181791.85028676386,2267.076263329213,22,29,63,96,133,155,125,53,6,0
6.613943771123786,54.83668971410458,183287.9085221286,2239.059669508055,23,40,76,103,136,165,146,62,4,0
-0.4723357194856419,-48.117710329061644,184471.38123497393,2346.4841316128295,15,32,58,95,110,140,76,27,2,0
-2.51625765992722,-22.679393880029778,185581.6506887174,2307.977515892876,21,30,68,103,158,213,188,105,10,0
0.10989910265703884,70.80352668089594,189396.93471705788,2533.9445939167335,12,20,46,84,90,73,35,5,0,0
3.6585653283731006,76.79507222553181,196147.69512008957,2779.597961246805,10,31,35,67,61,55,13,4,0,0
-3.0886315775709505,39.48240010278815,217372.5340594698,2514.87271638334,21,38,43,88,125,135,86,35,3,0
4.995786955891219,-58.78967802597694,224167.24583907987,2779.3767990650545,18,29,41,56,53,47,12,0,0,0
-3.229889977477413,-22.521414028317025,229191.1899800655,2581.392645527678,21,30,59,88,168,164,118,34,2,0
-1.6567918532793442,66.92262975459204,236737.26480113948,2553.227464454469,20,29,49,89,88,78,29,4,0,0
0.7874617587428645,83.77388529185896,246070.6894746321,3065.7292969662176,12,31,37,46,50,29,4,0,0,0
9.006118133144312,-7.580899067469545,254243.72472165397,2776.4374024590925,18,41,61,111,130,148,80,38,1,0
5.350335138958556,80.97749430539545,259045.26286696477,2951.0772665212144,13,37,53,56,60,40,8,0,0,0
-1.1876561429443626,-57.646522039083095,260169.2718322825,2753.5584945957353,17,31,51,63,93,62,34,2,0,0
-4.245075112564621,-4.29353088631666,268392.6961939994,2859.321989710961,20,39,66,99,150,170,125,43,3,0
8.755918497326405,-25.480365740744816,273388.3237336311,2819.0922371054908,19,30,59,77,105,99,52,8,0,0
-2.501851698620584,-48.03427683020165,276975.56525737053,2752.3216562973666,16,24,46,71,94,97,41,9,0,0
-2.5675516161248595,67.7149414993631,288748.8742194136,2809.898519929311,13,36,55,86,82,58,24,1,0,0
1.6485696333844402,97.14259035779392,322694.88489543635,3613.8462046695518,16,24,26,23,24,8,1,0,0,0
0.09310568825802079,-75.68887207403499,327313.03208818537,3472.2437550354352,18,37,50,41,25,9,4,0,0,0
6.842049782520164,-64.28380561922273,328409.6576491677,3060.9889532473335,18,33,42,45,43,37,12,0,0,0
1.9332454479292096,-80.38953046758282,329453.76399177307,3664.970749170896,24,20,44,26,17,12,1,0,0,0
-1.1291557450898893,-70.05245423660739,331821.13931702985,3241.150623700903,9,23,45,50,45,22,6,0,0,0
-4.719028241738201,44.668793072118916,351299.2514218661,3208.630434344351,13,24,49,90,86,67,37,2,0,0
9.00995503742017,60.873913069905825,353585.430886743,3147.7323296695295,13,28,49,66,87,82,26,6,0,0
6.579020270838896,-70.65519754117028,355647.4228715471,3269.713514939196,19,28,36,53,38,18,4,0,0,0
10.364608852349491,-7.813030518100788,366620.69338191196,3340.013217463193,16,35,60,97,113,77,41,4,0,0
5.83661916438831,95.80196373482198,372821.39478953293,3558.8805131277013,17,30,31,28,22,11,0,1,0,0
-1.8774017410415667,-74.06427752884818,392874.4903111693,3414.815604368625,18,30,35,51,32,20,7,0,0,0
0.25878042721960526,-89.41403329465605,425930.59401758446,4034.975365080898,15,25,27,31,19,2,0,0,0,0
-6.135383907978323,0.9340386564680898,430698.41809531074,3634.9272026944277,18,31,67,84,104,86,35,4,0,0
11.196199796669276,16.457564210487604,436361.3596087064,3659.8614788115833,17,30,36,76,98,88,34,2,0,0
11.026944360250184,31.523310202840207,438147.67750711396,3642.771516157777,21,38,57,75,89,87,35,2,0,0
-2.578305506602092,94.16779863624615,445425.6432438417,3562.126569973232,18,22,40,46,32,6,3,0,0,0
11.27591580684404,19.49621894174429,446592.8430431929,3699.8214640860415,28,38,61,80,88,87,35,4,0,0
-5.871766304990359,-25.021508397461915,449752.3282944163,3654.9000975733006,24,31,44,63,93,60,27,2,0,0
11.413304416359708,15.44157733066342,457727.0055101071,3750.0294322017417,18,23,49,89,79,60,27,2,0,0
11.304340448467116,29.4767737954231,462135.426472457,3747.3808146425013,13,35,51,77,84,62,27,0,0,0
10.090053945679571,-50.3454502367384,475072.3754922403,3652.9613897784398,16,34,37,59,70,32,12,0,0,0
-5.687682035205327,63.20406915031984,505260.23261980107,3799.596708261772,11,23,33,65,56,26,8,0,0,0
-3.371245009064225,95.6488864777574,505695.72371133626,3745.779159758452,18,27,44,35,34,6,1,0,0,0
-2.510362795866712,-87.05560190239514,522389.26581730635,3946.582986028079,18,34,33,40,11,3,2,0,0,0
12.171631995363214,11.456403087726642,537169.662265735,4064.5418411402784,16,29,58,84,88,44,12,2,0,0
-7.135073932353819,22.61563058964296,540471.6904247428,4068.307795492826,23,30,29,73,90,43,15,0,0,0
11.700984005108637,52.365138287757674,563039.4762087711,4070.6798466332734,18,37,43,65,88,50,13,2,0,0
6.350473198742009,-99.36550274681184,566568.4353316239,4442.985612619284,17,27,29,26,11,4,0,0,0,0
12.43246592277572,17.214767274103806,569040.0456788345,4179.850454839907,20,31,42,57,60,37,16,0,0,0
9.76339126360692,-77.32109933095862,608328.9539788193,4077.241968530841,13,30,27,31,19,9,0,0,0,0
12.348832562951984,47.77456716404279,618419.2957856971,4289.7456558327085,23,32,56,79,67,48,11,1,0,0
-5.77553883493276,-65.41482867373568,620141.5126568755,4144.939602010108,16,31,32,38,33,14,3,0,0,0
-6.916934857974198,-44.743511951112744,627438.4887153667,4263.783226072178,14,26,47,60,65,36,7,0,0,0
11.99293642785861,69.29401855894497,666315.0488475573,4372.152210996839,21,36,39,48,36,22,3,0,0,0
11.521486422261958,81.18549763259324,680803.2159199766,4366.630734701246,17,19,45,44,35,18,4,0,0,0
13.350395423979649,21.158547797686353,681837.4457840576,4571.940930616553,18,40,44,65,54,26,5,0,0,0
-7.10600481857368,-57.849887857928636,712885.5937887279,4500.1183635739235,18,32,47,40,35,22,1,0,0,0
-8.543182383919529,-11.72750605363926,717618.5847196407,4678.232754639281,15,30,45,50,52,21,5,0,0,0
-8.11763402314034,50.986901900533496,719372.9310906598,4625.9029947449935,18,21,43,58,46,21,5,0,0,0
-7.966272700338806,-38.72080680909515,722144.3322282514,4615.996341417379,15,19,39,43,40,16,4,0,0,0
-7.862340378265543,-45.54847458459359,738347.2624400347,4641.345967954092,20,20,39,40,26,12,1,0,0,0
-8.454823335430262,57.84805887861663,786678.2528467582,4821.561864079655,16,26,44,57,51,21,2,0,0,0
-7.176606702078956,-69.08076593782195,787435.6034978835,4694.83215326645,14,21,29,31,23,7,0,0,0,0
-6.003942094377848,-86.90548441062815,792212.0983111379,4654.961464625268,15,17,27,27,13,2,0,0,0,0
11.64677452302638,-79.48869789971123,801268.6350604256,4699.72085269322,10,31,33,33,15,2,0,0,0,0
-8.978251310354437,53.70315608528105,838179.711767955,4996.048627221578,14,25,34,46,39,24,0,0,0,0
13.13657365613669,80.93490670689275,861564.5159976006,4955.778629209274,12,19,33,39,19,9,0,0,0,0
-5.808548500119542,-97.72217342774326,863218.0690933277,4861.51113972514,17,15,19,24,6,2,0,0,0,0
10.855582562696966,-98.62034059488569,875610.1082822691,4896.382311424142,24,22,15,22,5,0,0,0,0,0
14.65545869654585,36.108794149366105,878245.0664780413,5167.903871116812,19,26,44,54,30,13,0,0,0,0
-9.277643464130023,55.710817992238304,885669.8843789296,5132.254259310718,15,22,38,44,32,24,0,0,0,0
14.8593822025924,28.452614431801635,892324.4177243353,5224.579603979028,22,27,40,53,35,14,0,0,0,0
15.289227144044105,30.2818974490433,957428.9451271143,5409.742638557565,15,21,34,60,34,11,1,0,0,0
-10.032271516228874,-28.43138962497153,958957.4066057177,5375.517355843611,20,23,29,38,34,10,1,0,0,0
-10.456786351760059,-14.390642683221415,986053.5228944935,5486.108623085369,22,24,47,44,32,6,2,0,0,0
12.199350218827348,-97.49537217190219,1004996.0814465663,5243.201383446425,19,27,27,21,3,2,0,0,0,0
15.00969345007141,60.129120094515116,1005448.2132199332,5464.039460879199,9,20,50,26,27,7,0,0,0,0
13.366049581564909,-81.12851023118176,1010776.8149579961,5313.569928314679,15,26,15,27,12,0,0,0,0,0
15.957474291601216,8.865177442751332,1039535.4913962774,5652.274025029759,12,23,47,57,35,10,0,0,0,0
15.553334903941447,50.3053620462982,1047987.4794217844,5614.898175132196,22,21,43,48,19,9,2,0,0,0
12.574333457408812,-99.84660825484835,1068316.1463394836,5408.822145148547,24,14,24,21,8,2,0,0,0,0
-10.654249963469283,-33.931084670677805,1068783.0359332548,5667.451577790211,11,27,46,38,23,3,0,0,0,0
13.864755921067172,98.81561239892682,1072105.6802691403,5484.005341252354,15,22,27,19,5,3,0,0,0,0
-11.09428049798926,-10.525625876755385,1076408.8660620237,5740.986125789776,23,28,52,46,31,11,1,0,0,0
-9.6663508894014,84.89749362292639,1085812.9504215075,5585.548053291774,15,24,23,39,17,3,1,0,0,0
-10.486257437020512,-47.050557141207385,1096818.4071355052,5698.957989079071,24,26,35,45,15,7,0,0,0,0
-10.701834972498474,-43.863905167558045,1114993.9749719682,5756.509135507413,15,25,27,29,15,4,1,0,0,0
-11.541963064281617,7.752269943955412,1131858.2412922499,5898.872217054324,23,27,38,34,27,10,0,0,0,0
-11.440296627552812,32.15095899989535,1137439.5771754882,5896.4968673167605,21,29,30,40,35,14,1,0,0,0
-10.975294567822957,-41.16632436401648,1145472.719686322,5849.084454219881,25,28,38,28,25,3,0,0,0,0
16.32010111327753,46.88172933285165,1155148.4601513182,5910.930507561156,17,21,30,35,28,4,0,0,0,0
16.455996206611047,-32.27025218915213,1187811.407228732,5984.133690482734,13,31,44,33,27,2,1,0,0,0
-9.790068760402932,-80.71239298042127,1196983.687002595,5819.270923492987,16,19,30,18,10,0,0,0,0,0
17.052371433143065,10.901734817391585,1215716.772651572,6113.897736737478,26,31,41,31,28,8,1,0,0,0
-11.35185037112305,-46.72453154907754,1228669.5350317848,6042.260932390918,13,23,34,27,11,2,0,0,0,0
-11.614111697731872,-40.45674334527969,1243739.5233072918,6104.754776091561,26,26,31,26,18,1,1,0,0,0
15.535281083487249,90.34631931275007,1246638.6640874953,5984.83840062393,24,25,29,17,11,1,0,0,0,0
15.584372087008603,89.47967483223474,1248248.6518159956,5992.128421708304,21,28,17,35,6,0,0,0,0,0
-11.256383921357568,72.32132184527237,1250619.8677263812,6072.4454651504775,15,31,39,41,17,4,0,0,0,0
17.25061989001088,-8.780739346924733,1261876.0605418698,6219.101332065322,15,36,36,37,29,6,0,0,0,0
15.08621550257115,-86.47669907364998,1283037.3933929254,6013.532929040649,20,15,23,13,7,0,1,0,0,0
15.798867973920252,90.43660147945991,1287084.487567252,6085.6479133748335,20,19,25,17,8,1,0,0,0,0
17.589651632247595,-5.152223516239701,1315195.8484846787,6351.805909060229,20,29,45,44,18,3,0,0,0,0
-12.505416104033102,36.4092515957949,1323234.771487415,6354.491686273221,21,26,38,41,16,9,0,0,0,0
-12.602943048193893,33.572439922891505,1334043.618189841,6386.747513913721,22,31,42,37,28,4,1,0,0,0
17.42143091047768,-30.343491675417738,1341470.1602145114,6374.1898553148485,16,20,33,29,17,7,0,0,0,0
17.49968396823725,-26.294995222445024,1342520.784101592,6386.344138962446,21,22,43,52,28,9,0,0,0,0
17.62719772236916,-34.08432164683384,1389602.9263901564,6478.081465295002,7,31,41,33,21,1,0,0,0,0
17.593594304529276,58.03835792285602,1406262.4034891604,6501.454981707937,18,24,34,27,14,3,0,0,0,0
-12.243977305920396,-55.65623965702831,1419186.7378076955,6479.497079281412,12,16,27,17,10,0,0,0,0,0
-12.442163393350896,69.92985685430364,1433770.0827621608,6525.23406902909,25,28,28,29,14,3,0,0,0,0
18.093578451116585,39.73237766657408,1434460.2548685505,6610.312925566455,23,23,23,28,15,6,0,0,0,0
16.44185542242215,-80.36642710210214,1443155.0992500125,6431.784902002903,17,23,17,14,7,0,1,0,0,0
-13.685516067156271,35.05687479502876,1531550.5299548337,6843.716340456408,18,23,30,34,23,1,0,0,0,0
-12.344502427308356,93.40861879939723,1556979.520316948,6717.8507534436285,13,34,18,9,6,2,0,0,0,0
17.28115172215223,-81.46031847295596,1589595.0793264224,6763.25949112197,15,24,15,22,3,0,0,0,0,0
-14.112147335544222,22.81597281102661,1591856.2657148542,6990.917853739602,11,32,32,29,13,2,0,0,0,0
18.82560602336416,-31.483588064765726,1597051.622059302,6961.218833996591,25,24,35,21,15,0,0,0,0,0
-13.90297849777373,45.48821624400756,1598978.2055664207,6973.274179298362,14,23,40,35,17,2,0,0,0,0
-13.920189234054533,55.17089939421754,1635035.637113309,7028.812839869665,12,29,35,25,15,1,0,0,0,0
-14.098243812415731,48.33386405830731,1644813.0118797729,7068.342258631648,20,32,36,25,10,1,0,0,0,0
18.97526914939624,-42.98580089629933,1668837.4562365895,7085.810419227761,19,23,37,28,15,1,0,0,0,0
19.63259478506285,-9.563557541209804,1698966.9477690128,7217.1152927799,14,28,35,30,13,1,0,0,0,0
19.730240347614725,-1.0776780723803654,1708261.9305944657,7246.7786240705655,18,34,32,26,5,2,0,0,0,0
-13.028220790838873,-81.67762155431262,1721180.852013326,7053.459945524599,23,21,23,9,3,1,0,0,0,0
-14.038648586895945,69.8932227336332,1722071.7568143962,7174.021182588976,13,27,20,24,13,1,0,0,0,0
-14.6587101252926,37.580533135283844,1723469.1742064995,7258.082431778158,10,17,30,22,9,2,0,0,0,0
19.9276346414551,21.543861109562073,1749818.1448982786,7332.150410520705,16,27,34,29,14,1,0,0,0,0
19.599219192401733,-33.073300519495234,1750856.7920022048,7289.443248251795,14,28,36,23,7,3,0,0,0,0
-12.837140818810184,-95.49966143589876,1797935.4288160338,7155.9348281769335,13,18,17,13,2,0,0,0,0,0
-15.135992554817435,26.677097222342468,1798113.73009366,7424.876179580714,20,35,32,22,16,0,0,0,0,0
20.25167904000496,6.533680613773569,1809050.2961477868,7458.1715161883085,18,39,27,21,13,1,0,0,0,0
-15.084642356338264,-23.401856958003847,1817965.8663412745,7447.586075823406,15,26,21,23,10,1,0,0,0,0
-15.12802542222613,38.04512790293472,1818277.7864961876,7455.650010199326,20,19,32,25,15,3,0,0,0,0
-15.317522493927754,-1.560106479459563,1826816.1286992654,7493.91955392911,19,20,31,32,12,1,0,0,0,0
-15.300060232387764,27.6334208665763,1832909.2874486987,7496.325439737815,12,22,34,17,11,2,0,0,0,0
-15.389706968588342,-10.125388175975573,1852035.8719101923,7535.273677397855,15,18,30,24,9,1,0,0,0,0
19.813490959212743,-49.23941949062063,1859670.0324645997,7471.580247793146,12,21,32,21,8,0,0,0,0,0
20.341197667384222,42.14174388475479,1872123.221042951,7557.045856620869,22,22,31,24,8,0,0,0,0,0
18.973161346195624,-86.13776507582625,1928734.324883483,7471.0483408503815,18,23,17,6,0,1,0,0,0,0
-15.786573929229704,32.706719504080894,1942491.382572565,7714.90806093026,8,39,34,25,12,1,0,0,0,0
-15.079170333119123,-66.11684425923204,2005160.4498587758,7707.719731580739,17,29,19,15,6,0,0,0,0,0
-16.186408750283874,2.959531013315143,2005799.9230693593,7854.3321441059115,21,21,16,20,11,1,0,0,0,0
20.38075633794834,75.65310851802121,2017349.2189057576,7761.920345509072,14,23,28,22,4,0,0,0,0,0
-15.297899564912143,87.59789341760114,2071515.1968533653,7826.540866723268,13,32,22,15,8,0,0,0,0,0
-16.187099925521025,53.69527750001723,2086356.5998785263,7959.935756665791,16,27,19,16,2,0,0,0,0,0
21.2225756258444,53.54051647081553,2093408.1324027232,7973.848891453659,15,22,24,18,8,0,0,0,0,0
21.853132987620924,-28.346912600615482,2207067.6290584654,8201.650326627392,12,22,26,24,7,0,0,0,0,0
-16.18559774951433,-66.03356236820777,2234961.4278414124,8149.541161119601,18,23,32,9,5,0,0,0,0,0
21.566657908232315,74.93154943252406,2264930.6649855706,8240.717272586453,19,23,18,15,5,0,0,0,0,0
22.437654207189198,5.304350049828102,2282267.6883092006,8377.510416969635,13,19,32,18,4,1,0,0,0,0
-16.493039719058643,82.98884286835988,2295070.4052272555,8267.082105454445,14,15,18,13,3,0,0,0,0,0
-16.799119587719318,-63.42723649189179,2352971.4248026144,8381.031447232725,19,23,18,13,5,0,0,0,0,0
-17.034596291753928,-56.052657388673225,2363892.3736640206,8425.483888756316,14,20,23,16,1,0,0,0,0,0
-16.700283756604634,92.47425234009711,2401742.1279112063,8431.381773702726,9,11,18,9,2,0,0,0,0,0
22.819460441589,38.612725329716,2405887.3664976847,8582.37264057335,16,18,28,10,10,0,0,0,0,0
22.596246576230115,-47.997677235455626,2451349.5294578816,8604.834468736546,21,28,26,13,4,0,0,0,0,0
22.357322932152385,-63.03669401228096,2476118.8895954248,8606.04461440414,17,21,20,8,1,0,0,0,0,0
-17.725193941892243,-52.34871074362428,2502305.854432368,8681.320103497406,15,29,18,13,4,0,0,0,0,0
-18.10112737446792,-40.206019418466624,2535363.544055986,8774.896830122054,14,23,24,17,3,0,0,0,0,0
-18.156197087634382,-44.10210561769785,2564747.6428894983,8817.176122369125,16,15,21,10,9,0,0,0,0,0
-17.72853624373505,-73.9971322734707,2631201.1975483675,8838.388687955257,18,30,13,8,0,1,0,0,0,0
22.591846369914293,-79.39194027660812,2637474.887110249,8832.266010455192,15,15,12,12,0,0,0,0,0,0
-19.02131692117848,7.244354598963156,2658705.4247268927,9040.708752296,20,22,18,16,7,0,0,0,0,0
23.985019723332314,-7.078479883504556,2660218.0743486914,9039.786763683076,17,24,27,15,3,0,0,0,0,0
-18.592983278920073,65.08225070550588,2682760.0089035654,9012.90633100044,15,25,19,15,3,0,0,0,0,0
-18.30013983004939,-65.35238597004314,2710046.3585677133,9006.923752450453,17,16,24,11,2,0,0,0,0,0
23.099572854070686,-73.94224781278072,2717781.4615224577,8986.3093719433,12,15,19,10,3,0,0,0,0,0
-19.292014850132077,-27.001820032773608,2779020.9433234446,9217.06766745353,15,21,17,11,3,0,0,0,0,0
24.90650281443523,1.4331185447438628,2884122.4199559796,9418.298063518052,10,21,23,12,5,0,0,0,0,0
24.79782789243481,55.09255367180168,2940994.0225199996,9461.763515827022,17,21,25,16,3,1,0,0,0,0
-19.52564854584047,72.19483645703002,2948378.6543324976,9434.592680263104,18,24,14,10,2,0,0,0,0,0
-20.203438456844708,18.385103840247538,2962272.0031016213,9544.829255715023,7,16,28,11,2,0,0,0,0,0
25.137382921482327,34.586187609510404,2968310.118616076,9539.184624008143,22,25,20,26,9,0,0,0,0,0
24.363702771741288,-65.62900432475013,2972192.4233812606,9442.793761143694,14,21,10,7,1,0,0,0,0,0
25.294412477702366,-3.318686525677421,2988641.03031529,9585.97192716067,12,15,14,20,1,0,0,0,0,0
25.40743641426471,9.132613663153208,3012069.412284084,9621.25590765433,17,24,27,8,0,0,0,0,0,0
-20.368768772111423,33.46267948498581,3026443.8889651853,9632.533385197532,19,21,27,11,5,0,0,0,0,0
25.25443507265763,-29.103833480791153,3031495.157994249,9625.665360813262,15,25,28,10,0,0,0,0,0,0
24.12737076676426,-83.91314065925594,3038792.694458765,9487.166572639006,16,24,19,6,0,0,0,0,0,0
-19.93454716872,78.73068275733988,3088350.217090094,9641.410024139139,13,19,14,10,0,0,0,0,0,0
-20.584575046976994,-22.040407100156727,3098336.035061887,9742.473590936856,15,25,22,12,0,0,0,0,0,0
25.797661914650575,-2.3956553648588397,3120887.5303659057,9796.4136595181,19,22,22,10,4,0,0,0,0,0
26.119327876024798,4.118589560243848,3203165.9619521657,9924.999118370171,18,13,18,9,2,0,0,0,0,0
-19.66061807688895,-89.0509247193903,3213047.120346922,9746.705553230093,14,25,17,10,1,0,0,0,0,0
-20.560393096192954,-58.2937673602042,3238093.624917118,9883.471578624902,13,19,18,12,1,0,0,0,0,0
-20.943886342256718,63.08981105567344,3274748.745258034,9976.218000972649,23,22,18,8,1,0,0,0,0,0
-21.356478083578907,-12.702893721544399,3286126.716641526,10041.423688824685,11,22,14,16,4,0,0,0,0,0
-21.112831556110876,-37.17198281160768,3287833.7047852757,10008.67953888917,13,21,22,12,2,0,0,0,0,0
-20.731922934323777,-73.36105337958467,3376122.7437848877,10055.151930861193,12,16,11,9,1,0,0,0,0,0
27.21857635980865,-15.221150604618188,3531239.2486487417,10406.023221724252,19,13,27,9,2,0,0,0,0,0
27.12725251370584,-26.07654849852456,3531763.925423131,10399.421196224614,14,25,20,10,3,0,0,0,0,0
-21.71871661256442,80.78141040489882,3578030.7912930776,10385.455729626165,22,16,22,6,0,0,0,0,0,0
-22.460244586767743,-9.428277223009644,3590022.9258892136,10501.731003665462,16,18,14,7,1,0,0,0,0,0
-21.353141276505582,-80.18068748923046,3591982.2777279266,10356.34645323889,7,16,18,2,0,0,0,0,0,0
-22.38473225884627,45.852928606982914,3610178.095895591,10512.376870018694,22,19,22,11,0,0,0,0,0,0
-22.551620859368683,-12.43654449875035,3621171.0251340545,10543.1173054336,13,23,26,13,2,0,0,0,0,0
-22.439797930528698,-37.586536508259115,3659225.3302188143,10564.595144485771,18,24,12,10,2,0,0,0,0,0
27.752929414461477,-11.538735583628494,3677753.3746619234,10626.769089657451,18,19,17,9,2,0,0,0,0,0
26.94049303038382,-70.14935404244605,3685567.825580494,10525.766634693722,18,21,20,5,0,0,0,0,0,0
-21.65119809767681,-85.42088152706404,3713556.7388377907,10514.634994541588,15,19,8,7,0,0,0,0,0,0
-21.553983063774808,-98.32450751723658,3793390.6875402895,10587.513793165053,16,8,25,4,0,0,0,0,0,0
26.87155561406611,-90.29786933729653,3813666.1713562286,10642.303069662114,11,16,6,5,0,0,0,0,0,0
28.296764925915824,-2.637246095206166,3825367.928254491,10846.278514979855,14,22,25,13,2,0,0,0,0,0
-23.080373830855223,50.42166361431336,3826346.638252648,10816.861252140423,16,23,22,6,0,0,0,0,0,0
28.25017107567004,-18.865754413758665,3837865.8328777766,10847.168772871351,24,19,14,7,2,0,0,0,0,0
26.706465428178745,-98.58483806305738,3837924.431960243,10650.849713839014,14,7,13,1,0,0,0,0,0,0
-23.12492393518923,-37.47049995862171,3857634.613190077,10850.629704784962,11,17,13,5,1,0,0,0,0,0
28.428985226765235,13.556552036619678,3859923.706692467,10894.730347278019,21,11,21,9,0,0,0,0,0,0
-23.554598094784126,28.368048133542487,3911933.5228240145,10962.299247942874,11,16,17,7,1,0,0,0,0,0
-23.62290535620393,29.8021036658553,3934753.3257842637,10992.42235327151,11,10,14,7,0,0,0,0,0,0
28.207257555736874,-51.24234542702033,3942148.890036812,10944.016355210168,13,11,20,10,0,0,0,0,0,0
28.624930946952418,-39.260566213608136,4013111.3497841833,11065.002834466935,20,17,10,8,0,0,0,0,0,0
-23.15444675406991,-69.22748165598466,4028685.757933257,11014.606647252418,13,20,12,4,0,0,0,0,0,0
-23.797989771895516,51.320448311600785,4043125.52124231,11119.521069587128,14,13,16,5,0,0,0,0,0,0
-22.907048902650857,99.85346677224507,4043702.538231266,11002.050219687271,11,15,8,3,0,0,0,0,0,0
28.69912181257797,-48.1850681986405,4073976.879746926,11132.361771400481,17,17,15,6,0,0,0,0,0,0
-24.38784616517289,14.82355882542285,4151159.4651806136,11298.718948198033,17,23,10,9,1,0,0,0,0,0
28.98189799651206,-49.531336877382955,4165872.5026594256,11256.162454942907,12,11,13,4,1,0,0,0,0,0
-24.371262683436342,-18.247745282071776,4175091.7366220723,11313.931037522605,16,17,16,7,2,0,0,0,0,0
28.900393883725627,-57.59998395266044,4182527.6483813007,11262.762987625712,14,19,14,3,0,0,0,0,0,0
29.127995485999293,-55.13403132784007,4238587.957226545,11344.660287842908,15,21,14,7,0,0,0,0,0,0
-24.39791587141744,-40.81958732881883,4254639.463562546,11392.787596238944,16,11,13,11,1,0,0,0,0,0
-24.64954277441393,52.96658018884179,4310196.109328436,11480.408620271548,16,12,12,8,1,0,0,0,0,0
-25.012744036879326,53.01025601859314,4424312.232706642,11632.357775471339,17,16,10,6,0,0,0,0,0,0
29.144639849080193,-87.50578450542565,4456885.443787797,11546.553549962699,9,9,8,2,0,0,0,0,0,0
-25.282500093555726,-23.340634078286683,4473400.948829964,11710.106941341155,16,20,19,4,0,0,0,0,0,0
29.59808487728222,88.9829388569768,4477205.70189024,11618.521833479721,11,15,9,5,2,0,0,0,0,0
30.222159128008087,50.80519633600272,4482948.584633137,11713.27810451539,10,14,14,7,1,0,0,0,0,0
-25.58935972017518,-9.91852959599629,4543603.964514214,11816.449612069573,13,23,16,5,0,0,0,0,0,0
29.937958917478937,86.23268429607671,4565871.112525359,11745.478413316663,17,12,9,5,0,0,0,0,0,0
-24.45848882227311,-92.78427153046225,4596364.641563245,11711.553340200666,12,18,8,1,0,0,0,0,0,0
30.75012620883379,32.22290200124215,4603031.111150049,11888.275909711434,16,19,14,6,1,0,0,0,0,0
30.031294746444843,90.10947978380759,4620489.029128463,11803.5034239472,14,21,13,3,1,0,0,0,0,0
31.09704787195136,-8.173524297850392,4706213.311135655,12027.933630517422,10,19,9,1,0,0,0,0,0,0
30.53767850515044,90.88539141216458,4787193.437995584,12017.025858193105,12,19,9,3,0,0,0,0,0,0
31.30292194661385,-23.92578096856957,4806400.103832068,12138.398716590296,11,16,15,7,0,0,0,0,0,0
-26.472782146526754,18.484008100205656,4821970.687275405,12178.052509641442,31,16,12,4,0,0,0,0,0,0
31.49922145438876,0.8216919887439502,4829823.083673317,12187.851318854535,18,24,11,7,0,0,0,0,0,0
-26.43134579189254,-17.59094725705323,4833500.913471657,12177.75617985192,25,21,7,4,0,0,0,0,0,0
-25.90329063349803,85.41352340205327,4870127.402882254,12141.029939278453,4,12,13,3,0,0,0,0,0,0
31.432125316430415,-33.276312214737814,4878048.353922736,12220.457318912126,20,17,16,3,0,0,0,0,0,0
31.380384284024956,-41.61014813850608,4892616.534174228,12223.83107513795,18,17,12,1,0,0,0,0,0,0
30.953521039197852,-71.77685366897248,4914641.317326153,12183.641978572776,12,15,10,3,1,0,0,0,0,0
-26.722286015733587,43.38638514003122,4950106.442718786,12318.074709996732,16,12,12,3,0,0,0,0,0,0
31.333513380150066,-62.008087344285975,4978800.461860544,12292.11497610356,9,12,9,3,0,0,0,0,0,0
-27.52887027401492,20.199403831235657,5181090.1991121415,12623.324918917504,10,14,17,2,0,0,0,0,0,0
-27.06662168534973,-55.06403001934903,5186094.774292684,12560.901527831531,8,12,10,5,0,0,0,0,0,0
32.28342824529199,-51.0983881330745,5239766.379267639,12630.831234216255,17,21,6,3,0,0,0,0,0,0
32.28774958460781,86.20377863180374,5337536.9061460085,12718.147221186644,12,16,8,2,0,0,0,0,0,0
32.646152174018084,-47.945486677949376,5349411.744333106,12771.928068773408,11,20,9,1,0,0,0,0,0,0
33.05505733624753,3.8505556374086183,5360017.363301668,12838.273525586554,12,13,21,2,0,0,0,0,0,0
-27.712192060024705,-48.543362203276445,5375098.171552202,12801.326367700156,19,10,7,1,0,0,0,0,0,0
32.81327928247205,-50.658853404164894,5420383.061289523,12849.927300285815,17,17,14,1,0,0,0,0,0,0
32.82704660296915,69.39738591876835,5428810.410739369,12857.897637797409,14,7,11,4,1,0,0,0,0,0
32.93765698305836,62.04210435119495,5433180.583623289,12882.066931971982,11,13,8,5,0,0,0,0,0,0
-28.24046641239218,-11.98638086865904,5442221.3754036445,12931.982274073374,11,12,9,1,0,0,0,0,0,0
-27.661827054931322,-73.89651545692344,5503628.680084608,12901.478978026185,16,13,6,1,0,0,0,0,0,0
32.65373145595228,-75.45618681102883,5511527.516036554,12905.92575681939,11,16,9,1,0,0,0,0,0,0
-28.03621881336788,71.6337177944556,5513166.471853622,12955.163177706581,10,19,12,1,0,0,0,0,0,0
33.48585605289989,38.15244997615227,5545952.079324222,13043.211992194108,13,18,12,4,1,0,0,0,0,0
-28.658513174300438,-33.01507077805617,5645071.807229617,13150.30371919175,14,19,11,3,0,0,0,0,0,0
33.218410875970164,-70.26662303026868,5673994.299707386,13113.755217802991,13,11,12,6,0,0,0,0,0,0
33.95280489285739,-15.703014613302585,5703480.886675989,13234.881069613404,10,8,11,3,0,0,0,0,0,0
-28.22328236706977,95.68807210925542,5726208.951481258,13152.87926051316,16,16,9,1,0,0,0,0,0,0
-28.059289796483398,-86.34669613709465,5733145.598082346,13135.617109924888,17,19,8,0,0,0,0,0,0,0
-28.225491832592326,98.30661984401229,5745883.135822443,13166.886717913283,11,9,6,1,0,0,0,0,0,0
33.89741346428866,-49.35716883556302,5798105.990035218,13299.19033457935,8,11,9,2,0,0,0,0,0,0
33.97666289775623,73.49336568714153,5857614.126131236,13353.805268106784,7,9,4,2,0,0,0,0,0,0
33.66368341743643,96.87208532145235,5891127.080704606,13341.125361425944,15,10,10,2,0,0,0,0,0,0
-29.091655504546893,-56.37734082824106,5903949.748197789,13405.832083023623,11,17,15,1,0,0,0,0,0,0
34.5632384616637,37.13616464580437,5933471.630328199,13494.696318544555,14,13,8,1,0,0,0,0,0,0
-28.495122692639498,-92.29398672258884,5935083.741992789,13355.067965655035,11,11,13,3,0,0,0,0,0,0
-29.60656653107327,-12.466867492045822,5935867.3491344685,13506.224810542819,7,21,7,4,0,0,0,0,0,0
33.84900301364752,-79.54048493281019,5962458.458668795,13421.189672314124,12,16,2,0,0,0,0,0,0,0
-29.46602503696016,-52.941368627666165,6022591.642295063,13547.622571332344,11,13,6,3,0,0,0,0,0,0
-29.708257477942396,52.70708606776418,6032837.101927514,13594.172883983216,9,22,15,1,0,0,0,0,0,0
-29.385698421043443,-65.0110847825215,6060428.431697094,13570.734570224598,6,11,3,2,0,0,0,0,0,0
-29.416928628236377,81.13801620621172,6060642.1404329,13574.298533120917,10,14,10,1,0,0,0,0,0,0
33.70609440797,-98.18552020355847,6060766.849256648,13482.385159876669,16,15,7,0,0,0,0,0,0,0
-29.25233915675993,-72.96188230403304,6062559.13683835,13555.277822418779,18,12,9,0,0,0,0,0,0,0
34.983867607753524,23.38670842624606,6065343.57086427,13657.611103682728,18,14,4,5,1,0,0,0,0,0
-30.118973954219257,-10.818349831411922,6123448.877473084,13719.7874106035,18,18,10,2,1,0,0,0,0,0
34.54889562538477,-69.69500093884179,6149645.050114411,13661.717793603511,18,14,14,2,0,0,0,0,0,0
-29.085733062973645,-96.6363932551546,6184080.930918212,13626.433842479331,11,23,9,0,0,0,0,0,0,0
35.21648914607292,50.17811559696361,6213437.245507707,13799.02680984937,14,12,12,2,0,0,0,0,0,0
35.13520904645054,-43.199871781129275,6225144.322134348,13798.116996759718,13,14,18,1,0,0,0,0,0,0
-30.305318161997064,-41.16741242780601,6280511.82439233,13863.125228998195,16,18,9,1,0,0,0,0,0,0
35.57510905932344,0.007855043813933094,6282661.903009875,13900.53794987203,12,18,12,1,1,0,0,0,0,0
-30.506299355003705,-18.349737939853455,6283915.010204082,13889.995467041406,11,16,9,3,0,0,0,0,0,0
35.689176749199504,4.911356003161245,6323418.539281383,13943.54287866063,12,16,6,2,0,0,0,0,0,0
-30.68148621627755,-30.765896025007322,6384637.683924178,13989.158926479036,7,12,12,5,1,0,0,0,0,0
-30.65715755759399,-39.83140781365322,6408304.100448499,14006.186082515249,12,17,11,3,0,0,0,0,0,0
-30.5315337856982,73.5669151089169,6433736.314707008,14000.8818677486,16,17,13,1,0,0,0,0,0,0
-30.366848953481608,89.59253612605642,6466820.255200217,14009.838147371667,14,10,9,0,0,0,0,0,0,0
-30.09229496712709,-97.52452218581938,6562605.574530611,14043.328001888589,10,14,3,0,1,0,0,0,0,0
35.283009020891086,-90.10701569233717,6571635.628799452,14069.216790369926,19,13,7,0,0,0,0,0,0,0
35.69855678500613,-75.49645333310846,6619033.226426612,14166.684775658085,11,19,6,2,0,0,0,0,0,0
-31.276413137048834,-40.93249445059346,6650679.938566835,14268.338174638193,10,13,10,0,0,0,0,0,0,0
36.46061925482891,39.39267101145458,6657950.10188379,14293.852758039604,13,18,7,1,0,0,0,0,0,0
36.44166441984768,-27.309124979666848,6666742.444632392,14296.543102435333,16,15,4,2,0,0,0,0,0,0
36.63142910400546,26.263483391596765,6699057.70060454,14352.463707073892,8,11,10,1,0,0,0,0,0,0
-31.52984881050247,63.18981191241721,6767493.666096098,14387.046238527286,17,19,7,0,0,0,0,0,0,0
-31.844497658796712,5.235280900247247,6771166.639063335,14428.453735794372,21,12,14,0,0,0,0,0,0,0
-31.53180537841496,73.49450310304351,6818401.259935008,14418.778157486582,20,10,10,3,0,0,0,0,0,0
-31.783777114978932,-62.393510270088306,6955644.488223328,14550.451276951715,19,18,4,3,0,0,0,0,0,0
37.25580644366852,-42.2227754047598,7041299.989622393,14681.595419667723,9,12,7,0,0,0,0,0,0,0
37.30803199756426,-39.68985081648589,7051777.549933243,14695.826927431317,11,18,8,1,0,0,0,0,0,0
37.375095893900635,-33.906525696871824,7056882.84795674,14706.509660741083,17,3,15,2,0,0,0,0,0,0
36.86527078527379,-76.07685889170418,7075539.288147441,14652.60639956187,19,8,8,0,0,0,0,0,0,0
37.214133682680256,-66.56033514437665,7151191.918058187,14749.45302035151,10,11,5,0,0,0,0,0,0,0
-32.81543136247085,-52.34386762743557,7313097.307817004,14945.881912395122,14,24,4,0,0,0,0,0,0,0
37.90482204049192,-52.267351192856125,7348999.393356241,14983.01766650419,12,12,6,3,0,0,0,0,0,0
37.49600805901443,-88.97027908115196,7423421.328495091,14978.198731837736,10,8,3,0,0,0,0,0,0,0
-32.8093139268756,90.54992635398392,7428997.520945327,15025.805597496417,9,13,8,0,0,0,0,0,0,0
38.56772860557621,13.436378774848805,7467864.148155961,15152.882393116852,17,20,12,2,0,0,0,0,0,0
-33.4266592891848,-30.958595854850458,7474224.8903802475,15137.219370443798,12,13,4,1,0,0,0,0,0,0
38.657265253364386,-20.378302001285917,7539563.01742398,15215.429708414329,15,15,6,1,0,0,0,0,0,0
-33.75309209614083,3.3291529793841903,7545324.079432665,15231.969527399764,14,12,8,2,0,0,0,0,0,0
38.12144438647448,90.50003466152242,7555745.584668708,15154.778149308047,16,18,3,1,0,0,0,0,0,0
38.738573743294836,-12.626338561439596,7557140.101985307,15241.827310745273,15,18,9,2,0,0,0,0,0,0
-33.504307104850014,-44.34311187292393,7557485.137731804,15209.829705446075,17,15,6,3,0,0,0,0,0,0
-33.33202687894105,79.77009975328676,7575126.710235803,15190.097534657223,19,9,6,0,0,0,0,0,0,0
-33.97710708659535,76.05372113369526,7821869.681908755,15448.591925597948,14,13,6,1,0,0,0,0,0,0
39.47724329308994,28.763744009001925,7864411.662400924,15550.205927106777,18,17,6,0,0,0,0,0,0,0
39.00071073903351,91.98892288260697,7929786.430939209,15526.238860372907,9,6,4,0,0,0,0,0,0,0
39.530489343947096,-30.043715583472633,7933516.870428597,15595.875692520305,9,13,7,2,0,0,0,0,0,0
39.21564935924192,85.76106786783714,7979326.054327042,15584.084174065341,15,17,5,2,0,0,0,0,0,0
-34.43267221555777,-68.13451632021932,8073426.947801843,15675.798878842013,8,10,7,1,0,0,0,0,0,0
-34.91914725734388,-22.69840621413148,8078301.764836511,15747.740254298555,13,12,5,1,0,0,0,0,0,0
39.980374565679654,71.8840144306696,8225558.831437713,15855.448611746104,18,9,5,4,0,0,0,0,0,0
-35.36836035021875,68.46674334931657,8376221.023771986,16007.374856439386,11,13,5,0,0,0,0,0,0,0
-35.485511808716424,64.94523716444763,8410565.528321411,16045.779647536809,15,15,7,1,0,0,0,0,0,0
-35.773340000017285,-1.454617177939042,8412711.964138564,16085.2574171852,13,13,4,1,0,0,0,0,0,0
-35.136824841336704,-74.21692512044874,8414812.874635614,15997.730109915638,15,10,6,0,0,0,0,0,0,0
-35.82525613785337,-10.00758681022343,8445869.803714342,16115.61516470864,7,12,6,1,0,0,0,0,0,0
40.86016327824308,23.02330285160224,8454484.981387688,16125.291879713694,9,11,5,2,0,0,0,0,0,0
-35.94437811753366,6.374685127657017,8483831.582169328,16149.26412423648,11,8,8,0,0,0,0,0,0,0
40.901047118446996,36.20267747498562,8494775.421747023,16155.642467222726,14,9,7,2,0,0,0,0,0,0
40.39222760717897,92.27087698501464,8525907.637924619,16103.736614297162,20,16,3,1,0,0,0,0,0,0
-35.37660833110951,98.67444816302097,8564520.78554293,16129.288089894444,9,11,7,0,0,0,0,0,0,0
-35.71610160824734,-75.52897339215974,8676051.264089052,16244.110932775202,11,10,5,0,0,0,0,0,0,0
41.220611416781054,-50.925141659397966,8753132.123047758,16364.990997192674,17,11,6,0,0,0,0,0,0,0
-36.67304286528661,-12.700289511817118,8827493.634409605,16474.378292932193,13,9,2,2,0,0,0,0,0,0
41.48777515869244,64.19620880020534,8849979.031976648,16462.47864273406,17,7,6,1,0,0,0,0,0,0
42.00595339054681,1.9607546312488893,8960566.417909186,16599.53966939841,16,9,7,0,0,0,0,0,0,0
-37.012571174353525,-11.81069411445121,8979292.916410483,16616.090587342933,17,13,5,1,0,0,0,0,0,0
-36.389645242315225,99.72077274812551,9018642.47352847,16553.916994059135,9,17,6,0,0,0,0,0,0,0
-36.85677392298206,-66.42562942046445,9124255.500318298,16677.408388067885,9,7,2,1,0,0,0,0,0,0
42.15146672885649,58.68513441539051,9125863.906779673,16723.36849590818,17,7,6,1,0,0,0,0,0,0
-37.356624371713856,42.41951329161549,9164071.324821902,16773.201749411433,11,8,6,0,0,0,0,0,0,0
-36.797259120119975,-78.62931175882377,9178970.804243442,16707.211834523787,11,9,3,0,0,0,0,0,0,0
-37.4709302513913,-24.169206152810062,9215764.067736628,16820.959911737158,11,9,7,1,0,0,0,0,0,0
42.68614008818898,4.2938657161515295,9270582.464472333,16882.88497132322,12,7,8,2,0,0,0,0,0,0
42.74995054283738,18.154274498446597,9302571.727748217,16914.13350249015,14,6,6,0,0,0,0,0,0,0
42.57597814062842,-47.54060522141701,9349992.73893842,16921.38067844693,11,11,6,0,0,0,0,0,0,0
42.08811711003821,-84.62496158865773,9355228.12439748,16857.605291499105,12,10,3,0,0,0,0,0,0,0
42.88406160882033,1.7285948716088342,9363375.566457666,16968.57728083293,11,13,3,1,0,0,0,0,0,0
42.66615587926836,75.40159926489264,9441233.316177858,16988.65795532885,22,11,3,0,0,0,0,0,0,0
-38.12617114638268,6.737284495811863,9473998.303906683,17065.254596984912,18,15,6,2,0,0,0,0,0,0
43.06077217152108,-32.852170403569986,9515127.38358829,17079.959278906525,13,11,4,1,0,0,0,0,0,0
-38.46978185105969,40.161823875745654,9674535.593018215,17238.470201320815,14,13,5,1,0,0,0,0,0,0
43.15416059588074,77.88287456971432,9681385.708125968,17200.08775278729,15,8,4,2,0,0,0,0,0,0
43.27325359437228,-50.51431807515681,9687730.23406548,17221.762956673083,8,16,2,1,0,0,0,0,0,0
-37.94441327488376,-83.61227523830021,9740866.61847607,17207.048471993377,13,8,5,0,0,0,0,0,0,0
43.031096399053155,-81.02892823637613,9761812.034970624,17230.018550389887,11,7,2,0,0,0,0,0,0,0
43.48518811120411,-63.93163927174304,9860049.583773324,17350.603548298543,13,10,6,2,0,0,0,0,0,0
-38.64686310975816,76.51276245965806,9905066.230150336,17401.927067257882,11,9,3,0,0,0,0,0,0,0
-38.8084995977962,77.95246403573313,9989623.012141839,17473.810223986016,14,11,5,0,0,0,0,0,0,0
-38.95081343162865,69.02734429160594,10010029.986555582,17506.522047295595,12,9,6,0,0,0,0,0,0,0
43.467323672978125,-87.21120945524234,10013086.505056879,17441.528047889155,10,10,2,1,0,0,0,0,0,0
44.347202125918415,-1.5159814856065594,10056355.010436116,17586.34087437134,12,9,8,0,0,0,0,0,0,0
44.46447452934723,9.746560473298246,10108261.134743245,17625.82586279913,6,8,3,2,0,0,0,0,0,0
-39.58898965823197,3.0938458856677897,10169742.898500659,17683.281810571763,7,10,4,0,0,0,0,0,0,0
-39.49573074506929,-42.09360068165755,10230334.437918216,17707.496253483932,9,12,1,0,0,0,0,0,0,0
44.72090886671785,-49.65452178463694,10373208.005309083,17824.30347164197,14,14,4,1,0,0,0,0,0,0
-39.36269308943425,-81.90205577281462,10398054.850791635,17785.66521788985,16,12,0,0,0,0,0,0,0,0
-39.31971003971597,-92.28082141216525,10459187.964628825,17819.764063503237,11,8,2,0,0,0,0,0,0,0
44.968765293328886,-48.218332391363376,10486872.626626365,17923.598889785564,13,10,6,0,0,0,0,0,0,0
-40.166065824044715,47.083064742038346,10508519.925081853,17957.83071084082,18,11,4,0,0,0,0,0,0,0
-40.17732437267607,46.68529958693978,10512799.50360816,17962.161536110892,11,10,1,0,0,0,0,0,0,0
44.65338255002311,96.969874069804,10516736.619243467,17891.34974605859,11,11,0,0,0,0,0,0,0,0
45.40472004846845,-26.907277634322995,10619140.750062408,18055.889697991075,14,9,3,0,0,0,0,0,0,0
45.35785717265139,78.42466926184767,10740819.761802955,18122.85830595382,8,8,5,0,0,0,0,0,0,0
-40.41513272685986,-58.826143804203966,10760023.27849064,18142.003911240034,13,16,5,0,0,0,0,0,0,0
-40.82290948185472,-6.221042623553515,10782758.43516536,18210.84302500254,15,8,5,0,0,0,0,0,0,0
45.90111234392185,-7.062976657570985,10822767.400422195,18244.53016110475,12,12,6,0,0,0,0,0,0,0
-40.90131140966389,40.45497248406659,10852853.823184192,18260.005764542904,6,6,4,2,0,0,0,0,0,0
45.642333511837535,-60.066330958657346,10879214.281415321,18240.69440082406,9,5,4,1,0,0,0,0,0,0
-40.33096618335988,-85.96045183064936,10899699.136395797,18206.822259064233,12,6,1,0,0,0,0,0,0,0
45.72318940864531,-59.636871856704346,10916872.976552524,18273.203788383853,9,14,3,2,0,0,0,0,0,0
45.590762823088795,-73.73599361095313,10938766.47566893,18260.146840883986,13,14,3,0,0,0,0,0,0,0
-41.182239659349904,33.88786032548916,10978108.103165325,18371.428517252447,8,7,4,0,0,0,0,0,0,0
46.151846074549354,70.26970434665495,11091389.284710487,18430.280772201593,16,6,4,0,0,0,0,0,0,0
-41.577831911234256,8.109610077345735,11152021.73137421,18513.57979264105,13,5,4,0,0,0,0,0,0,0
-41.22699730003057,-57.56582164394442,11156840.034169765,18477.582336344614,7,6,1,1,0,0,0,0,0,0
-41.585360605581826,-6.126547811457428,11165180.483613208,18530.978002155825,14,11,5,0,0,0,0,0,0,0
-40.94520601090876,-83.53525152427837,11185242.895157058,18448.991546137615,11,3,1,0,0,0,0,0,0,0
45.72523547398637,-99.15036576595297,11204293.001653899,18435.999315060126,13,13,1,0,0,0,0,0,0,0
46.72938170595279,6.420077737859614,11229080.198915629,18578.92023876231,20,9,2,0,0,0,0,0,0,0
-41.66066334866989,-34.30733039806306,11270838.955159241,18590.785936839427,4,9,1,1,0,0,0,0,0,0
46.69795352061362,60.775094077930504,11322762.28269317,18630.069853850284,12,5,2,0,0,0,0,0,0,0
46.715843753407086,-43.564184389416184,11335217.147561073,18639.915242092404,13,11,0,0,0,0,0,0,0,0
47.06035309970093,-1.5490942954432825,11402050.511452572,18725.897396169836,10,6,4,0,0,0,0,0,0,0
46.75669515163287,84.1013132245941,11473928.5745442,18724.60251305633,14,11,4,0,0,0,0,0,0,0
46.771449855708994,-64.96463019209276,11474479.130452007,18727.35993026263,12,7,1,0,0,0,0,0,0,0
-41.851615294983006,-59.69964096520386,11484462.840452403,18745.07411619851,9,6,9,0,0,0,0,0,0,0
47.10278577592629,-42.16938345362069,11526555.322029985,18797.47260469805,8,5,1,0,0,0,0,0,0,0
47.026791771618434,77.57721909211091,11573142.19873011,18817.93061781284,12,11,2,1,0,0,0,0,0,0
47.509564878910396,36.42118521087235,11659270.51891309,18931.438434353244,17,17,4,0,0,0,0,0,0,0
46.915948471691394,-84.20608531059742,11679919.335289262,18854.233093833234,12,6,1,0,0,0,0,0,0,0
-42.63796804095941,14.242358975486951,11696010.327327445,18963.18893617844,11,13,4,0,0,0,0,0,0,0
47.5555764183903,-31.228029533067,11718578.575862808,18963.570125256996,7,6,1,0,0,0,0,0,0,0
47.78603008702035,6.799474040302229,11771931.285678493,19022.333162508246,15,12,5,1,0,0,0,0,0,0
47.59641457775908,62.380000187140524,11790187.5298139,19010.441294064716,10,12,3,0,0,0,0,0,0,0
48.00597794139196,19.124787072044597,11890560.6868735,19122.63552245667,8,6,4,1,0,0,0,0,0,0
47.82418962254252,-41.87837340717873,11897712.59085967,19098.146382444313,13,10,3,1,0,0,0,0,0,0
48.138388831600025,-9.287718175069486,11969343.017806444,19186.411027447084,9,10,4,0,0,0,0,0,0,0
48.057542647619016,-44.00125965646935,12028485.307126522,19202.05660567416,9,6,3,0,0,0,0,0,0,0
48.267943956480735,19.932272875280916,12028505.041779445,19233.468734597194,10,8,1,0,0,0,0,0,0,0
47.68337121627408,96.36756296483395,12031379.311239151,19148.75185729707,17,7,5,0,0,0,0,0,0,0
-43.351821797304765,12.927167027870027,12068348.414911948,19261.692321895873,10,9,1,1,0,0,0,0,0,0
48.51856439797453,22.148638301760414,12162733.819754848,19340.945685451064,9,8,8,0,0,0,0,0,0,0
48.40408633766802,59.900797355898135,12201469.255957615,19340.610481212923,9,7,3,0,0,0,0,0,0,0
-43.523355793114234,-37.07947435655199,12245232.894594016,19376.00114459141,11,9,2,0,0,0,0,0,0,0
48.49816436167373,72.7902479561221,12311707.680560429,19418.603447047986,13,2,2,0,0,0,0,0,0,0
48.03028130582638,-94.47776445842241,12338070.957851123,19366.925282904227,3,9,0,1,0,0,0,0,0,0
48.852284900605014,55.180075244107314,12420023.54434096,19514.13973349821,12,11,3,0,0,0,0,0,0,0
-44.05102798993663,-1.6227477839641438,12443196.261309763,19562.054503557352,9,7,1,0,0,0,0,0,0,0
49.0579829935362,65.80374084801807,12574580.043595053,19631.648113842188,7,6,0,0,0,0,0,0,0,0
-44.28577348218325,-24.161734078596965,12609423.09076325,19683.186596595566,10,13,5,2,0,0,0,0,0,0
-43.82300579264855,95.72303092393898,12625368.016719429,19623.185514098903,9,3,2,0,0,0,0,0,0,0
-44.38934066656888,-8.4759366393466,12632544.681973776,19710.999016598274,15,8,3,0,0,0,0,0,0,0
49.32719127616386,-25.70024168458349,12635959.115446577,19702.12057767341,10,8,3,0,0,0,0,0,0,0
-43.97465211831266,86.27227226633335,12642598.648343666,19658.221402253694,8,7,3,0,0,0,0,0,0,0
49.15263654421187,79.66442863941452,12697661.090533484,19712.795361398807,11,7,0,0,0,0,0,0,0,0
48.76988972256166,-94.11720100915848,12724740.91184671,19671.320350186317,12,5,1,0,0,0,0,0,0,0
49.679412833750774,18.681364216765957,12780491.63457418,19825.03475439209,10,5,3,0,0,0,0,0,0,0
-44.778328450085446,28.95513570892564,12846606.0626237,19876.853084744813,12,13,6,0,0,0,0,0,0,0
-43.95455116484597,-97.53966614169043,12852444.078267554,19764.882512954682,8,6,2,0,0,0,0,0,0,0
49.814808672344526,-7.7463403908876245,12861585.063657254,19888.96598277559,12,6,4,0,0,0,0,0,0,0
-44.677826364468906,-50.56672162690903,12921265.472072594,19899.031585228728,10,11,5,0,0,0,0,0,0,0
49.69954762392615,-50.96311984821138,12934975.083903953,19909.300266345763,8,12,4,0,0,0,0,0,0,0
-45.010493917057005,2.1004559143368766,12958549.717125347,19961.3069892496,18,3,0,0,0,0,0,0,0,0
-45.1309645462759,38.78570489133685,13058763.13476414,20034.790814327214,9,0,5,0,0,0,0,0,0,0
-45.18941311207389,-11.267899538645224,13071210.203691073,20049.821406609684,12,10,3,0,0,0,0,0,0,0
50.09634406843412,59.200010018821615,13106786.381469065,20045.871850661926,10,3,2,2,0,0,0,0,0,0
50.194688146558036,55.84964576329972,13147246.473895224,20078.618667317674,13,13,1,0,0,0,0,0,0,0
50.568634520512916,12.532539944546556,13263319.037963396,20192.35903855997,14,9,4,0,0,0,0,0,0,0
-45.39458663323819,65.59385618214054,13298254.247992832,20189.718781239982,11,9,0,0,0,0,0,0,0,0
-45.13610242604103,-74.90415623802664,13313834.184730742,20163.603282799228,9,3,2,0,0,0,0,0,0,0
50.82223316238117,16.207950075780218,13405249.506485399,20302.54587827587,12,10,2,1,0,0,0,0,0,0
-45.72569836181921,-63.69354790635171,13566279.647660626,20376.422558959486,9,5,5,0,0,0,0,0,0,0
51.12591742605258,-31.238164588224862,13638497.818781722,20463.12348353031,13,8,4,0,0,0,0,0,0,0
51.25415722328725,33.299388476096425,13668004.31070709,20501.045422256746,6,3,3,0,0,0,0,0,0,0
-46.28556906276982,-35.64921374094685,13743117.881782424,20534.588220104273,10,6,3,0,0,0,0,0,0,0
50.99311248301828,-74.22288610234911,13782048.440207794,20519.78967620869,13,4,4,0,0,0,0,0,0,0
51.451177976394945,37.33335878466468,13787204.26510906,20587.828108870537,18,2,2,0,0,0,0,0,0,0
-46.56163685925738,-5.7616660553016175,13825367.951091208,20620.6491469434,12,7,2,0,0,0,0,0,0,0
51.57544240033047,46.15681793106313,13880816.322433252,20648.842626069865,10,4,2,0,0,0,0,0,0,0
51.78004162618802,41.93866995535416,13984202.360491991,20730.556152954327,9,7,3,0,0,0,0,0,0,0
51.52673094801713,-60.029423100111124,13992148.305753658,20700.261805571492,11,5,1,0,0,0,0,0,0,0
51.14660694457268,-99.94851457864438,14070327.119825963,20684.43784794631,14,8,3,0,0,0,0,0,0,0
-47.05949928704341,37.56410354490623,14131718.613867588,20843.553804103136,13,5,1,0,0,0,0,0,0,0
-47.20100661585776,23.658634604479474,14187700.834840711,20889.081413264736,12,6,3,0,0,0,0,0,0,0
52.22546515060523,41.838006601279176,14237061.338488247,20917.533369855475,12,7,1,0,0,0,0,0,0,0
52.17205472202045,-41.94740839419162,14268797.911869904,20915.761098987125,6,7,4,0,0,0,0,0,0,0
51.79329210301188,-82.80892534334129,14292800.459746044,20880.022875088987,10,6,0,0,0,0,0,0,0,0
-47.306225709691944,-63.55404656503383,14454816.762204433,21036.664486346333,17,5,3,0,0,0,0,0,0,0
-47.05124001855716,-86.6797014129274,14468906.539303172,20999.457431995674,8,7,0,0,0,0,0,0,0,0
-47.687923280327425,25.5976553052502,14469365.440549169,21095.52543304277,10,10,1,0,0,0,0,0,0,0
52.39096671849569,-66.95937706112841,14524046.040512793,21082.302219514582,18,6,2,0,0,0,0,0,0,0
52.43141946834683,-64.86370130764503,14534351.472917251,21092.924441691914,14,6,0,0,0,0,0,0,0,0
52.89669176714128,0.2468383144737345,14581745.677173898,21175.363703884865,10,8,2,0,0,0,0,0,0,0
52.127281873456184,-96.12161527108292,14589929.903171754,21071.302771966275,10,2,0,0,0,0,0,0,0,0
52.9351788009717,18.548928651483678,14604618.139911596,21192.32402505959,8,6,1,0,0,0,0,0,0,0
52.96382782764178,8.348623852978847,14617489.451088874,21195.459063756567,10,9,1,0,0,0,0,0,0,0
-47.651808880990366,76.88374969484676,14626206.92374104,21167.107361338512,7,4,5,0,0,0,0,0,0,0
53.07801505666481,-9.62526093103979,14697921.298729224,21261.39158473026,11,6,2,0,0,0,0,0,0,0
-48.06463924294961,-16.914448086181395,14703466.841161797,21263.062930125012,8,6,1,0,0,0,0,0,0,0
-47.650489053167554,-79.94790129625635,14760891.604985932,21229.748128112806,10,6,1,0,0,0,0,0,0,0
53.29041544148748,-3.4353548894434027,14813624.726226714,21344.409840314187,14,6,2,1,0,0,0,0,0,0
53.48937584771812,4.984816279815732,14924181.408923382,21419.55303976179,11,4,0,0,0,0,0,0,0,0
53.30994813506658,-46.41841099559194,14944594.972630342,21404.8135534446,6,10,2,0,0,0,0,0,0,0
53.52367671923969,21.559578365827008,14950072.926707845,21442.503800446495,9,3,2,0,0,0,0,0,0,0
-48.449423775056765,-30.16452107153033,14963031.56262049,21437.922506595372,12,4,1,0,0,0,0,0,0,0
53.68059453667752,4.5346404029964305,15036479.212803036,21500.31506500156,12,1,2,0,0,0,0,0,0,0
53.34126370929363,-66.90676418568003,15073183.019317321,21479.368523041776,11,2,0,0,0,0,0,0,0,0
53.720586162777636,60.52010073483035,15167995.236936765,21564.765318245543,7,2,2,0,0,0,0,0,0,0
-49.20397978719062,32.42611372340363,15367250.853259858,21739.097624343463,11,6,2,0,0,0,0,0,0,0
-49.17594881620231,-29.643186165576438,15389342.287272448,21742.54168897054,9,4,1,0,0,0,0,0,0,0
53.7911109307324,94.80495006790383,15402528.135022292,21697.099219249852,7,3,1,0,0,0,0,0,0,0
-49.200611227589654,-31.127370206480578,15408769.814925764,21754.384085794136,10,10,3,0,0,0,0,0,0,0
54.294295297362595,55.57839323994571,15487356.820900694,21800.18241813224,11,10,0,0,0,0,0,0,0,0
-49.09347497231025,-76.60471314878166,15579684.270228328,21822.886677872026,15,6,1,0,0,0,0,0,0,0
54.41238452107498,-50.37862513333482,15613259.792682773,21877.512605209347,12,8,1,0,0,0,0,0,0,0
-49.046046708611925,-88.91822753322644,15644258.056197148,21840.002206799465,11,6,1,1,0,0,0,0,0,0
54.78899368906434,1.9295030328580083,15696006.73124802,21968.447846374173,18,4,1,0,0,0,0,0,0,0
54.417043824020936,83.51819924094585,15699149.42504393,21924.87891616359,9,7,1,0,0,0,0,0,0,0
54.68277740436193,-32.442909231098,15700680.662561502,21958.209419063107,7,9,1,0,0,0,0,0,0,0
-49.76777071108111,-53.98310365351327,15843861.693488294,22036.877468192448,9,3,0,0,0,0,0,0,0,0
-49.55454101159242,94.6487142972291,15854299.66987568,22015.74428573732,11,2,0,0,0,0,0,0,0,0
54.75354132702785,-69.3556255295001,15924406.782313326,22077.04715128614,12,6,0,0,0,0,0,0,0,0
54.97985305923223,63.25279648101352,15929412.771627223,22099.336968202115,12,12,1,0,0,0,0,0,0,0
55.312536992804894,15.860926395265778,16011731.689909102,22188.126463373323,10,4,1,0,0,0,0,0,0,0
55.51572295083153,7.603166308947664,16133307.888114907,22268.0004730403,6,6,2,0,0,0,0,0,0,0
-50.35285664028968,64.44176442197042,16160281.730855007,22258.819368907,8,4,1,0,0,0,0,0,0,0
55.57912972610751,0.5711016193229028,16174754.531085037,22301.663383345825,9,8,4,0,0,0,0,0,0,0
-49.79905595949563,-99.48395889837431,16182517.34228941,22194.228961723067,6,5,2,0,0,0,0,0,0,0
55.55169505333376,-27.88142064036154,16210898.484429713,22318.593343040546,6,7,1,0,0,0,0,0,0,0
55.50666038188322,-37.941633486522264,16218056.89251307,22309.73899387748,5,4,3,0,0,0,0,0,0,0
55.879631172558874,36.379836803501775,16386205.91243857,22446.824929278228,6,12,0,0,0,0,0,0,0,0
-50.966457529937735,-4.041805759916372,16415693.980392305,22468.95396833376,7,4,1,0,0,0,0,0,0,0
55.740854098937604,-67.33898066423086,16509471.488081237,22483.69395534861,9,3,1,0,0,0,0,0,0,0
55.78496753839761,81.06791680692831,16510456.944309322,22489.320181470986,9,5,0,0,0,0,0,0,0,0
56.29519272383857,11.470852308632871,16611366.953075295,22596.45179632083,14,4,0,0,0,0,0,0,0,0
-51.13101996302562,66.4559769340616,16645232.135758702,22590.134275346896,11,6,1,0,0,0,0,0,0,0
-51.50802452486569,9.441209666082926,16742822.914375303,22683.81151010967,17,3,0,0,0,0,0,0,0,0
-51.56755433326627,17.676693883543805,16782831.16295992,22717.049513855378,8,10,1,0,0,0,0,0,0,0
56.60586131103261,18.58872700244207,16807299.56102454,22734.050477636145,7,2,2,0,0,0,0,0,0,0
56.322091206711974,-57.94264334229429,16811466.478100993,22698.462054432483,14,4,0,0,0,0,0,0,0,0
56.54276733256597,-27.193700279812873,16818072.165058818,22734.155979957523,5,5,1,0,0,0,0,0,0,0
56.52678861709984,50.29831474038926,16824378.50152501,22732.549533922316,9,5,0,0,0,0,0,0,0,0
-51.350314494993675,80.50415533048513,16854802.1841544,22723.943924898816,4,3,2,0,0,0,0,0,0,0
-51.1520379229202,-82.98887049008783,16869766.378697094,22702.518463250908,10,7,0,0,0,0,0,0,0,0
-51.55591155560813,-59.62592689420762,16965608.866904013,22801.24881092682,11,2,0,0,0,0,0,0,0,0
-51.40986321207781,94.73075439575584,16983349.290087838,22791.515085835792,14,6,1,0,0,0,0,0,0,0
-51.98946934651847,53.03239202194791,17122139.94131226,22929.609517559697,6,9,1,1,0,0,0,0,0,0
-52.22112344983066,31.496939644640918,17208614.362278976,23005.368788573516,8,2,0,0,0,0,0,0,0,0
57.344514465844725,-43.03845562828883,17376493.237978276,23086.73453128307,11,6,1,0,0,0,0,0,0,0
57.49257752481941,-36.31446551408062,17443003.19758349,23142.197025938232,10,6,1,0,0,0,0,0,0,0
57.197540187127856,99.13284256956058,17506133.082175396,23133.970325928116,9,7,0,0,0,0,0,0,0,0
57.4362993016513,-62.32295374051433,17531868.18365505,23177.34196931178,6,1,0,0,0,0,0,0,0,0
57.51440747774396,-55.20172502406761,17541594.394269127,23188.62750076918,2,1,4,0,0,0,0,0,0,0
57.33240078150092,94.86107294511118,17560096.164897155,23177.526745502728,11,3,1,0,0,0,0,0,0,0
57.5971017104697,-50.46400908372812,17569838.844399363,23208.98054222752,6,4,1,0,0,0,0,0,0,0
57.90183873183736,33.290262965883784,17642338.530018296,23293.062530337582,6,6,1,1,0,0,0,0,0,0
57.616649656241634,-73.14385597041533,17713882.833969,23285.191124220248,11,1,0,0,0,0,0,0,0,0
-53.050208958082415,-37.407063687287724,17800937.84370831,23377.494826081904,10,10,0,0,0,0,0,0,0,0
58.234588246345055,-2.873934812869308,17836197.040365998,23420.4009982778,6,4,1,0,0,0,0,0,0,0
-53.05077599545791,-52.42064157045818,17867673.520271897,23404.486290812783,10,7,1,0,0,0,0,0,0,0
57.914061532777,97.09611090567941,17944120.472330123,23427.36605341782,5,4,0,0,0,0,0,0,0,0
-53.393406803738806,-22.164682447815622,17971999.319211073,23506.39554001811,7,4,0,0,0,0,0,0,0,0
58.55595455848945,21.304352351399316,18042837.318558395,23555.805266916967,5,3,0,0,0,0,0,0,0,0
58.117369582955064,94.20954724761964,18053182.27276498,23503.689127418078,10,2,1,0,0,0,0,0,0,0
58.46839362626031,74.16262952400265,18154419.528242826,23590.27642434882,8,5,0,0,0,0,0,0,0,0
-53.82264231628942,21.024910237098467,18214586.352299612,23667.534683078655,8,2,1,0,0,0,0,0,0,0
58.864153940803504,-51.34404377552766,18384806.004301786,23741.248478582438,5,2,1,0,0,0,0,0,0,0
-53.54509448619298,-90.46942034930751,18435302.804616272,23725.25775627659,10,5,1,0,0,0,0,0,0,0
-54.32220495100053,15.090495044508302,18534620.338658117,23871.41657446474,11,6,0,0,0,0,0,0,0,0
-54.218243765993115,72.14446747243886,18628821.84432555,23897.65929660244,7,2,1,0,0,0,0,0,0,0
-54.107179306916734,85.91915691945903,18635678.40449954,23892.55842104959,15,3,0,0,0,0,0,0,0,0
-54.26857077287066,67.29611189633619,18637465.305543445,23904.150918748936,4,3,0,0,0,0,0,0,0,0
-53.933976698780086,-94.5032513155321,18719945.83180906,23899.912014036672,12,3,0,0,0,0,0,0,0,0
59.7456955335777,-5.324907169950251,18818793.153469,24057.517031272586,4,2,0,0,0,0,0,0,0,0
59.701288313930604,55.30277571729678,18869109.41720358,24070.843867568146,8,6,1,0,0,0,0,0,0,0
59.63876548485871,82.18475964548966,18959769.48212642,24103.558251607406,9,2,0,0,0,0,0,0,0,0
60.00230429733526,-9.49864156624713,18993426.28648083,24169.46644644706,8,2,1,0,0,0,0,0,0,0
60.14102587461008,0.7137725342416559,19073895.46284686,24217.51709480199,9,6,1,0,0,0,0,0,0,0
-55.14893176093438,-0.47205288922960165,19079990.683658615,24222.023392481668,12,5,0,0,0,0,0,0,0,0
-55.15873579017778,-0.5368927237714018,19086530.171405382,24226.20592459844,12,3,2,0,0,0,0,0,0,0
-55.170615238413355,15.317263693416393,19092301.428392097,24227.975663827026,15,6,0,0,0,0,0,0,0,0
-55.226206591351314,26.6506758836814,19140261.084158298,24262.65744425123,8,9,2,0,0,0,0,0,0,0
-55.53472703056386,17.925446435450084,19335755.775636174,24383.51079927227,6,6,1,0,0,0,0,0,0,0
60.573690675641444,26.805732974055502,19371456.178677566,24408.75581674346,11,4,0,0,0,0,0,0,0,0
-55.06487115648999,-83.67951947382298,19372889.83237715,24340.154701834275,6,5,1,0,0,0,0,0,0,0
60.592467287150185,1.6155198990693833,19373213.249020252,24406.220740704008,12,3,0,0,0,0,0,0,0,0
60.517189368129294,-48.61335483200404,19456898.309753068,24424.832889446316,7,5,0,0,0,0,0,0,0,0
-55.743680366742886,-2.4447456020807863,19477323.247565154,24473.7904996341,8,4,1,0,0,0,0,0,0,0
60.73748971711396,-12.369643131959947,19486537.02463356,24481.115324319828,8,6,1,0,0,0,0,0,0,0
-55.549553150624135,-50.4829926582717,19487435.847505108,24443.16219493571,9,2,0,0,0,0,0,0,0,0
60.76536632656823,-19.931866194932297,19520774.889733534,24500.385723353593,7,2,0,0,0,0,0,0,0,0
-55.6908014391998,67.26623976746038,19575805.338625018,24498.553720887896,10,1,1,0,0,0,0,0,0,0
60.6004838477331,-63.290398467328025,19590586.092108756,24502.873443754423,4,6,1,0,0,0,0,0,0,0
-55.91661843849391,-16.933838801826084,19615332.64198145,24560.913582969275,6,5,1,0,0,0,0,0,0,0
60.971178433903106,-25.058590314920593,19671923.27130301,24591.95353255423,2,5,0,0,0,0,0,0,0,0
60.66793543204275,90.10005499650356,19691005.985064805,24557.49717558338,12,2,0,0,0,0,0,0,0,0
-55.77913415365274,-74.78881927403494,19783509.137643673,24612.04453404895,6,2,0,0,0,0,0,0,0,0
60.91043907200566,-75.33312908682899,19875208.85655955,24668.562919358854,9,2,0,0,0,0,0,0,0,0
-56.385400347058564,12.632116427337252,19903935.630010925,24735.50026219194,12,2,0,0,0,0,0,0,0,0
-56.35717021716042,-20.132762805743567,19919113.062094633,24749.14425401312,8,3,0,0,0,0,0,0,0,0
-56.456167490131094,28.299761569156374,19966534.105275683,24780.890107424217,8,4,0,0,0,0,0,0,0,0
61.45752385093951,42.2643936627297,19997547.726275448,24795.424411057324,10,5,0,0,0,0,0,0,0,0
61.38785554317187,-63.87036945033957,20122768.225414753,24833.734725396862,6,2,0,0,0,0,0,0,0,0
61.21308857304555,-84.66434161177699,20146775.023045592,24823.064048368367,6,1,0,0,0,0,0,0,0,0
61.841789302220775,33.80285129088995,20238333.71528028,24948.354358223616,10,1,0,0,0,0,0,0,0,0
61.669467311117586,-53.884834208837226,20258023.044511702,24921.491838673664,10,4,0,0,0,0,0,0,0,0
-56.535171526434546,-75.00472480017439,20294098.024211716,24928.715872450164,4,1,0,0,0,0,0,0,0,0
62.0445695075712,43.55099373324501,20400434.667899095,25043.27018691314,14,5,0,0,0,0,0,0,0,0
-56.99029572636645,62.012886743099244,20429631.951998763,25038.93709181701,6,2,0,0,0,0,0,0,0,0
-56.83793657227714,-71.1450299245191,20473838.97228874,25043.692576985402,9,2,0,0,0,0,0,0,0,0
-57.3943455335584,-5.6139924767412595,20600045.59818799,25170.239116571258,8,6,2,0,0,0,0,0,0,0
62.15133815897943,-69.07870709652333,20674487.172037143,25168.49547174295,11,1,0,0,0,0,0,0,0,0
62.31673467430198,-62.874031581784465,20749760.561378725,25219.017188603582,8,1,1,0,0,0,0,0,0,0
62.59389768472602,-28.00564689595923,20784873.46751864,25276.442674480888,5,4,0,0,0,0,0,0,0,0
-57.33506782533318,-72.69325383280463,20824176.157734584,25256.13811248768,5,2,0,0,0,0,0,0,0,0
-57.737527546544754,14.427054850379989,20829140.39094335,25305.188624399176,4,6,0,0,0,0,0,0,0,0
-57.62599950670349,55.09120039894549,20837979.93666666,25299.01099321441,7,3,0,0,0,0,0,0,0,0
-57.4550382469156,-80.66956344466192,20962707.803168118,25330.214677544715,8,6,0,0,0,0,0,0,0,0
-57.49601602851895,-78.36285383468976,20974178.928985093,25340.423261425,12,2,0,0,0,0,0,0,0,0
-58.030701788478645,-5.472922546171006,21039752.115661025,25437.367673707202,7,2,0,0,0,0,0,0,0,0
63.2173368979461,3.070450640993542,21162496.841657296,25507.21104649637,6,1,0,0,0,0,0,0,0,0
-58.41407318865759,-6.6215714097205876,21308414.926591855,25599.532310645907,4,4,0,0,0,0,0,0,0,0
-58.13469078001505,82.56601708258839,21325377.58081658,25565.998797294054,8,1,0,0,0,0,0,0,0,0
-58.44649877608259,41.712384989273374,21364964.698380977,25630.241870943963,9,4,0,0,0,0,0,0,0,0
63.36890580779354,-62.789973362962414,21478141.816220004,25658.572547746586,7,3,0,0,0,0,0,0,0,0
-58.588987326113525,47.38122485842072,21481299.353609476,25695.7559018261,6,4,0,0,0,0,0,0,0,0
-58.701645851152385,-16.647529377253534,21526951.577357344,25730.338786861255,3,10,0,0,0,0,0,0,0,0
-58.1288351832034,-95.73324615684405,21549142.63043008,25657.05284504955,7,3,0,0,0,0,0,0,0,0
63.748883039423504,32.913166254400096,21556628.786664605,25748.444042812276,6,5,0,0,0,0,0,0,0,0
-58.42067346670272,-74.14151298252831,21586438.29377617,25714.266048029323,12,3,0,0,0,0,0,0,0,0
64.05437592330637,25.367661101784037,21759506.37459396,25869.20554889046,10,3,0,0,0,0,0,0,0,0
64.314581829308,38.93770293760292,21969531.011787295,25992.06207124696,5,3,0,0,0,0,0,0,0,0
-59.29663109959644,-28.676853975107335,21978248.90993408,25992.261915805615,7,2,0,0,0,0,0,0,0,0
64.28674726393083,-43.187757288961336,22024702.31144732,26002.62160813991,7,2,0,0,0,0,0,0,0,0
64.49145311418667,39.78680631288307,22097338.013017062,26067.197114271294,9,3,1,0,0,0,0,0,0,0
-59.38487917926201,75.91672307333312,22166289.436624657,26068.629666151523,10,4,0,0,0,0,0,0,0,0
64.726287628498,26.494314855589124,22238464.498563923,26152.53511882475,8,5,0,0,0,0,0,0,0,0
64.70068806222397,-25.42678751461355,22256226.269318517,26158.715773648684,8,5,0,0,0,0,0,0,0,0
64.76219247167415,56.25976413350844,22343145.606864188,26197.380602236648,12,2,0,0,0,0,0,0,0,0
64.79673871881269,-33.20067711740498,22349288.96281596,26206.830939018728,10,3,1,0,0,0,0,0,0,0
-59.7081219039705,-57.236434571906656,22392819.348759256,26201.704259575392,9,2,0,0,0,0,0,0,0,0
-59.41407326454291,-94.30964111402689,22441031.327340722,26190.011547921014,10,5,0,0,0,0,0,0,0,0
65.01407829423701,30.452242034412535,22450845.45999412,26277.365125613956,6,2,0,0,0,0,0,0,0,0
65.42745237156555,-7.743146174234042,22741114.51443652,26446.273142231767,3,4,0,0,0,0,0,0,0,0
65.41006116456117,75.70246077603659,22899477.016700193,26496.51294911468,7,4,1,0,0,0,0,0,0,0
-60.784621911391845,8.85711457161571,22988375.783551335,26579.684088212958,12,2,1,0,0,0,0,0,0,0
65.7112132801457,49.900468205229856,23003660.740433592,26589.610045866422,9,4,0,0,0,0,0,0,0,0
-60.735161053513224,-31.277868806522832,23018969.881821368,26599.045511282075,7,0,0,0,0,0,0,0,0,0
-60.590265061359695,77.71982527534382,23041009.06106329,26577.890271474385,7,2,0,0,0,0,0,0,0,0
-60.42393487832185,-78.84696161217026,23043480.507723298,26565.745663975045,3,4,1,0,0,0,0,0,0,0
65.58046138053072,-72.53383817618499,23112848.487286154,26612.2343715904,9,1,0,0,0,0,0,0,0,0
65.55940758617362,-83.06045741787173,23172526.441203542,26635.013743274187,6,6,0,0,0,0,0,0,0,0
65.93167522240893,53.40903906218901,23176193.072299004,26685.712632473944,9,1,0,0,0,0,0,0,0,0
65.98530661512626,64.09260801114664,23258848.069291513,26718.921386364163,4,0,0,0,0,0,0,0,0,0
66.13719508224156,46.423698066765866,23302657.372405138,26765.045632608228,4,2,0,0,0,0,0,0,0,0
-61.26935820808217,2.2353862743207884,23343764.36554696,26789.89506112019,7,1,0,0,0,0,0,0,0,0
-60.88126315974722,-77.6646841863247,23366580.610111974,26753.362053333312,9,3,0,0,0,0,0,0,0,0
66.5009157777103,35.23038756781392,23539922.207523417,26906.61501420614,6,1,0,0,0,0,0,0,0,0
66.62009610157443,-12.136410566876222,23617676.458109017,26951.57677322814,3,3,0,0,0,0,0,0,0,0
-61.30580375622645,-74.17588098742436,23652223.917993587,26920.35361306493,10,2,0,0,0,0,0,0,0,0
66.59172334731792,-40.75419296666358,23679973.93777957,26968.27799884019,3,0,0,0,0,0,0,0,0,0
66.33398140637655,-79.33358631139733,23709136.74706441,26947.60498679959,7,4,1,0,0,0,0,0,0,0
66.53827834596291,-59.811131040256726,23733306.11873284,26974.433741733264,7,3,0,0,0,0,0,0,0,0
-61.69545983239462,-42.99536858340487,23765711.794670556,27014.08849818914,7,4,1,0,0,0,0,0,0,0
-61.52692977436314,-73.53177559514188,23810101.259839617,27010.851972469216,7,2,0,0,0,0,0,0,0,0
-61.776389016904275,57.5040437365158,23811005.35481139,27044.587430836316,8,2,1,0,0,0,0,0,0,0
-61.923682359729135,-59.33334280091864,24014805.547311224,27134.09925476954,3,0,0,0,0,0,0,0,0,0
-62.05486912322664,69.32252153779916,24069671.74273893,27173.367553292985,3,4,0,0,0,0,0,0,0,0
-62.090253636210235,-68.669227900104,24194043.831360962,27231.73370363619,6,1,1,0,0,0,0,0,0,0
-62.55788908417723,-0.7448431326098017,24298609.51086632,27334.058258487046,6,0,1,0,0,0,0,0,0,0
-62.50595305709652,-29.37540221232328,24316321.905917898,27340.875686192863,7,0,0,0,0,0,0,0,0,0
-62.06676541670157,-88.70252257266394,24320674.806794163,27282.015511899248,1,3,0,0,0,0,0,0,0,0
-62.76159267195403,58.14791939610029,24546129.48139904,27459.01684161679,4,1,0,0,0,0,0,0,0,0
67.91072940226624,11.976000393043051,24559317.729887407,27475.48234934486,15,3,2,0,0,0,0,0,0,0
67.60878982909242,83.59064061661783,24560861.215042744,27439.246070410485,7,2,1,0,0,0,0,0,0,0
67.71885278086583,76.61691133152465,24602536.78583855,27464.33119639649,6,4,0,0,0,0,0,0,0,0
-63.05054567821238,2.7732788883408688,24665646.636491377,27537.455905960862,9,1,0,0,0,0,0,0,0,0
-63.04414998948387,-42.559399253041775,24768237.569329035,27580.102394836264,1,2,0,0,0,0,0,0,0,0
68.26814099626961,-17.163446040710426,24856139.20666157,27648.78266447394,12,2,0,0,0,0,0,0,0,0
-63.19704116992326,-56.40163873656996,24949793.34241666,27658.15893010434,5,1,0,0,0,0,0,0,0,0
-63.479945953742,-9.08051958875771,25001650.87138961,27729.657820160402,5,4,0,0,0,0,0,0,0,0
68.18377622505503,-86.45128472744756,25137966.413711943,27742.172316255346,4,4,0,0,0,0,0,0,0,0
68.128782402967,-97.48568616269321,25187874.093114115,27752.28810292829,8,1,0,0,0,0,0,0,0,0
68.77126362871334,-19.700247662098434,25243165.27096297,27862.630971721705,10,1,0,0,0,0,0,0,0,0
68.84563110273393,24.064189879346728,25275307.601736683,27880.229253027603,9,0,1,0,0,0,0,0,0,0
-63.83590842443816,-18.687720958838838,25290029.77045153,27888.769259222863,11,2,0,0,0,0,0,0,0,0
-63.798175420125645,-50.774374900628594,25376363.899261896,27905.008051353398,3,3,0,0,0,0,0,0,0,0
-63.654029662812704,-75.5507846067454,25413383.619488727,27906.03675287595,8,1,0,0,0,0,0,0,0,0
-64.15181198151731,26.5330698247884,25512347.342044845,28011.294102062067,6,3,0,0,0,0,0,0,0,0
69.26467484517855,25.30427912750855,25597074.18345965,28057.46771410249,5,2,1,0,0,0,0,0,0,0
69.15296000970622,-60.02718473753301,25695976.86958292,28068.018838269803,11,0,1,0,0,0,0,0,0,0
69.41702579392694,-11.804313279872929,25720824.6754361,28125.955146729182,7,0,0,0,0,0,0,0,0,0
69.33921634708773,-44.09257823865771,25758911.728889816,28125.563444015508,5,1,0,0,0,0,0,0,0,0
-64.47210825353555,32.3680301688772,25767799.90791258,28151.65349665381,10,1,0,0,0,0,0,0,0,0
-64.65972607784144,23.352110863781704,25898306.65785909,28221.437063557187,6,3,0,0,0,0,0,0,0,0
69.50392792162245,67.72919432261978,25911295.137652252,28200.378921404048,7,1,0,0,0,0,0,0,0,0
69.81619180209094,48.6490136687965,26075089.77162528,28312.449570546993,8,0,0,0,0,0,0,0,0,0
-64.90103972651721,-19.85496805768487,26110383.873123273,28337.29165319491,5,2,0,0,0,0,0,0,0,0
-64.89329184439003,-25.099710978142326,26117926.61131726,28339.282285621957,7,0,0,0,0,0,0,0,0,0
-64.38979105954112,-97.55666083776057,26147688.61018188,28279.60264540147,11,1,0,0,0,0,0,0,0,0
-64.90364681382005,-34.32419313981394,26155220.619984433,28352.855854944235,4,3,0,0,0,0,0,0,0,0
-64.93512037921734,77.52136151452194,26295126.199947674,28393.444403056415,5,2,0,0,0,0,0,0,0,0
70.20600615942914,3.497629165369858,26313994.08962503,28442.024957794867,5,2,0,0,0,0,0,0,0,0
70.33098594615248,29.853862574218283,26427815.063366596,28509.867959958265,6,1,1,0,0,0,0,0,0,0
70.1402493371844,-75.62269099722299,26555268.109571844,28527.492295934742,7,3,0,0,0,0,0,0,0,0
-65.15646898943363,93.6947186803095,26568364.359984253,28534.48819362419,4,1,0,0,0,0,0,0,0,0
-65.57131600837447,-4.026370442793507,26604418.461666178,28602.97909396007,6,5,0,0,0,0,0,0,0,0
-65.5786202758662,82.0974435283629,26822242.2982061,28676.155605897166,3,2,0,0,0,0,0,0,0,0
-65.5407816764243,98.75852973499804,26903925.694404658,28710.322329950355,8,1,0,0,0,0,0,0,0,0
70.9540156870656,35.44386012623485,26926036.38082545,28777.130448693788,5,4,0,0,0,0,0,0,0,0
-65.71017036587006,-68.73620918538808,26953840.58625653,28745.05984048986,9,1,0,0,0,0,0,0,0,0
70.98059492938006,38.50900900933678,26953959.44812297,28791.35887934896,5,1,0,0,0,0,0,0,0,0
-65.83125168610312,77.19080947056511,26991627.599466424,28767.316517633873,7,0,0,0,0,0,0,0,0,0
71.03359094676603,62.02201504849404,27075201.422728565,28837.130212690226,6,0,0,0,0,0,0,0,0,0
71.16865963665998,-20.209396032502426,27101289.587015845,28870.046443429706,3,2,0,0,0,0,0,0,0,0
-66.44124521295846,6.839265985293423,27281810.39291694,28957.483723457266,8,0,1,0,0,0,0,0,0,0
-66.42367363744981,30.482835568232474,27286635.802479047,28969.425763297157,4,2,0,0,0,0,0,0,0,0
71.44669736233237,-5.8148987545017405,27294932.953202657,28972.427790934104,5,1,0,0,0,0,0,0,0,0
71.30931698882986,64.6940202198933,27304479.65907202,28955.607155528436,7,5,0,0,0,0,0,0,0,0
71.18600307598044,-67.35339183201532,27319006.14471201,28939.80946125587,7,0,0,0,0,0,0,0,0,0
71.72140187838698,17.136352889718083,27506512.43354475,29081.125141812256,2,0,0,0,0,0,0,0,0,0
71.52043088467019,74.81215098611031,27521906.91627593,29054.39312254759,7,1,0,0,0,0,0,0,0,0
-66.5400565001909,-79.18482111578786,27678717.834578592,29123.29808042715,9,2,0,0,0,0,0,0,0,0
71.63648433423515,-71.20783714945951,27700124.078150157,29139.673963158668,8,1,0,0,0,0,0,0,0,0
71.75574434043781,-62.49108972188997,27740645.644904554,29163.37440346868,3,1,1,0,0,0,0,0,0,0
71.52631970607081,-91.97199751138281,27767001.45736436,29155.917629671752,6,4,0,0,0,0,0,0,0,0
71.7912598363146,80.77033529324126,27770529.90105131,29179.057617459224,5,2,0,0,0,0,0,0,0,0
-67.14194460153763,17.022884527637316,27841641.60457397,29257.639617173445,5,2,0,0,0,0,0,0,0,0
71.97912297741425,76.10205361904286,27893590.67013475,29248.333704133027,5,3,0,0,0,0,0,0,0,0
72.70629291487262,-3.977395224999867,28298926.186492503,29499.6204194715,3,1,0,0,0,0,0,0,0,0
-67.68248961107378,-42.563845790074865,28381851.845467824,29528.209482441078,5,2,0,0,0,0,0,0,0,0
-67.3656210225445,-88.61151994018583,28408765.066796124,29496.66414724416,3,0,0,0,0,0,0,0,0,0
-67.27165169979983,-97.73234500379762,28409862.138740752,29484.747445527726,6,2,0,0,0,0,0,0,0,0
-67.92590694115879,6.31447930665783,28469595.727979675,29581.566435980032,8,2,0,0,0,0,0,0,0,0
-68.1921319748994,-35.81686931083267,28767297.605686646,29735.51229876858,6,1,0,0,0,0,0,0,0,0
-68.23217676649851,-51.77251188585994,28868879.59116768,29768.286753815235,7,0,0,0,0,0,0,0,0,0
73.11236577564316,-76.27589186761321,28918400.67757318,29771.796569821665,3,0,0,0,0,0,0,0,0,0
73.1709864605852,-75.4734648409516,28960355.41552378,29793.892735047466,8,1,0,0,0,0,0,0,0,0
-68.46833316687687,-28.18591999051887,28966229.252130147,29843.885850078805,5,1,0,0,0,0,0,0,0,0
73.58475213016035,25.49816361890835,29015620.761747025,29872.09405828626,4,2,0,0,0,0,0,0,0,0
73.55556316901331,-58.9299271610819,29169839.623873293,29911.266458146674,7,2,0,0,0,0,0,0,0,0
73.61454042125618,68.26568694309336,29172784.2001363,29927.372663870687,6,1,0,0,0,0,0,0,0,0
-68.62754693472925,-57.18216246236363,29218977.558901113,29939.751875048645,10,0,1,0,0,0,0,0,0,0
-68.7702149871019,52.10914567512535,29232200.280400738,29976.59944025792,4,1,0,0,0,0,0,0,0,0
-68.71720722972205,68.01991852069986,29255469.458220538,29970.246955003957,4,0,0,0,0,0,0,0,0,0
74.01821057300225,12.75438262818298,29359842.4170047,30041.402823289136,5,2,0,0,0,0,0,0,0,0
73.58529165297557,-99.38611654196605,29486550.837711554,30038.810260569688,6,1,0,0,0,0,0,0,0,0
-69.12161147207485,-44.038517781845755,29559557.478486583,30134.115336053284,7,1,0,0,0,0,0,0,0,0
-69.40033101042518,-9.569591075967537,29687972.63882786,30216.708615454543,6,0,0,0,0,0,0,0,0,0
-69.18786246038201,-63.034293921924835,29711465.36208988,30181.62939020545,6,1,0,0,0,0,0,0,0,0
-69.52906874320901,-9.43243303004462,29794121.848723643,30270.641305177825,8,0,0,0,0,0,0,0,0,0
74.39669057728136,64.1871102644466,29795700.128353983,30251.79715272261,7,0,0,0,0,0,0,0,0,0
74.59593297883416,23.54512155649857,29844181.171993084,30294.836972666842,8,1,0,0,0,0,0,0,0,0
-69.76028955610727,-5.467549452173827,29980275.533717535,30363.789163017227,7,1,0,0,0,0,0,0,0,0
74.67264753371987,62.00273263760383,30014215.514981646,30365.514696799946,5,2,0,0,0,0,0,0,0,0
-69.97220630224896,-12.810495619847345,30167250.345938835,30460.13714256441,6,1,0,0,0,0,0,0,0,0
74.87681440727292,-40.27107753054062,30167967.93621716,30447.53312858517,10,0,0,0,0,0,0,0,0,0
74.60633677215685,-88.53502311697106,30234154.937607817,30433.05384011248,2,2,0,0,0,0,0,0,0,0
-69.86317728995863,78.68953895659237,30256226.819277707,30462.224000739214,4,2,0,0,0,0,0,0,0,0
74.81647997587146,-72.776197394707,30292505.809691407,30473.61722209839,6,0,0,0,0,0,0,0,0,0
-70.20411809902423,11.964834956516597,30341362.04641549,30538.69443654669,6,0,0,0,0,0,0,0,0,0
75.09048315146319,64.34682338745858,30371825.226717208,30543.349747002,4,1,0,0,0,0,0,0,0,0
-69.926550736916,-74.29105843076582,30394207.56144938,30524.17138332318,4,1,1,0,0,0,0,0,0,0
-70.27861920186925,-15.114805493008078,30427057.827824757,30591.13487027809,8,1,0,0,0,0,0,0,0,0
-70.30010598860858,53.616528829604135,30502786.19984509,30620.6610440452,3,0,0,0,0,0,0,0,0,0
75.33407015062579,-36.870801425187594,30535831.53417299,30636.180264688017,3,1,0,0,0,0,0,0,0,0
75.20105508686859,-78.28836257325642,30650834.76553953,30650.90611403084,6,2,0,0,0,0,0,0,0,0
75.41518926965375,72.94673894336904,30685083.104838077,30688.32623219794,7,1,0,0,0,0,0,0,0,0
75.70671185869503,-0.6060530810754443,30765721.401557535,30756.425033732987,2,2,0,0,0,0,0,0,0,0
75.64359429021755,68.80635882139043,30855564.93664615,30780.115960712763,2,1,0,0,0,0,0,0,0,0
-70.8699096227581,33.718155165854455,30924294.95740364,30840.080196724255,6,3,0,0,0,0,0,0,0,0
-71.14450303671703,-5.924956162081912,31140096.55696767,30945.616231583237,6,2,0,0,0,0,0,0,0,0
76.16906948391014,-74.89403051940243,31440303.06673694,31045.353135832644,4,2,0,0,0,0,0,0,0,0
-71.41895104075407,52.47825745854411,31440929.707558267,31089.437694575252,2,0,0,0,0,0,0,0,0,0
76.60332074804808,-17.06927757330692,31547938.21395861,31149.4639917535,9,1,0,0,0,0,0,0,0,0
-71.65815074098239,-8.752631928986546,31579657.177946463,31164.175943141585,6,1,0,0,0,0,0,0,0,0
-71.56707041816601,61.420234565835415,31601906.60336111,31160.58981019556,9,0,0,0,0,0,0,0,0,0
76.51274084728215,89.44550593364036,31708395.192774374,31178.662191964853,9,0,0,0,0,0,0,0,0,0
-71.76057407498865,-54.15347727781521,31817515.456958532,31252.594588773052,1,0,0,0,0,0,0,0,0,0
-71.94321470708927,59.24539652485586,31913395.91416359,31316.39557350234,9,0,0,0,0,0,0,0,0,0
77.1990446257469,-1.2763236563230436,32033227.0342596,31383.875066470013,7,3,0,0,0,0,0,0,0,0
-72.21738303285126,-19.087149417335425,32076969.66503268,31409.388023214866,3,0,0,0,0,0,0,0,0,0
77.30180947959741,-24.262904987247836,32162446.680938043,31450.022886418163,3,0,0,0,0,0,0,0,0,0
-72.62488827859464,52.571368413731506,32472955.36508466,31596.02444542347,6,0,0,0,0,0,0,0,0,0
78.03152173693323,-8.40913830293239,32759188.0556022,31740.64826781489,5,1,0,0,0,0,0,0,0,0
78.14961975916415,-13.015567967235512,32869117.02066283,31794.85586681618,2,1,0,0,0,0,0,0,0,0
77.98226443221881,-63.874368890090835,32921802.298786715,31775.425430421987,3,0,0,0,0,0,0,0,0,0
78.50466569490305,-17.565004501962477,33187244.528473165,31948.524596361247,3,0,0,0,0,0,0,0,0,0
-73.29508481342255,-67.3245288089755,33214539.40357068,31911.319038437556,3,1,0,0,0,0,0,0,0,0
78.70350364565377,-52.32528427134706,33486222.985721402,32066.796815445927,2,0,0,0,0,0,0,0,0,0
-73.94327937020546,-34.228392435747196,33618736.72581688,32149.405727922043,8,1,0,0,0,0,0,0,0,0
-73.95263067072572,-47.148465010667984,33679585.84240823,32166.25334671548,2,0,0,0,0,0,0,0,0,0
79.16725805477324,44.984047957963355,33792053.86684257,32236.232430962726,7,1,0,0,0,0,0,0,0,0
-74.12505089097195,-42.15633136516179,33809122.73380123,32233.677705573376,1,0,0,0,0,0,0,0,0,0
79.58580507352212,-23.736087384642232,34152288.221709155,32408.774218263934,2,1,0,0,0,0,0,0,0,0
79.62076232594316,33.52036059864844,34163943.94659608,32415.240537494778,3,0,0,0,0,0,0,0,0,0
-74.48287998731399,71.3871212954297,34176906.54499519,32395.196715967308,8,0,0,0,0,0,0,0,0,0
79.58508282183968,-63.030082167050125,34320433.005766995,32447.76486733971,4,1,0,0,0,0,0,0,0,0
79.75514527978916,90.20666641203118,34528747.31989559,32536.270726187962,5,0,0,0,0,0,0,0,0,0
80.05461979139486,66.54561548826689,34660258.76500892,32630.485927874102,5,0,0,0,0,0,0,0,0,0
80.19097228231524,30.019979663995827,34664107.801092334,32651.228338236393,4,0,0,0,0,0,0,0,0,0
-75.27314308413256,19.499055074278715,34723838.08341721,32675.219150409957,4,4,0,0,0,0,0,0,0,0
-75.51072136800661,17.279298483958797,34934571.41968666,32772.78227304673,4,1,0,0,0,0,0,0,0,0
-75.64057561333959,19.053364472101194,35052294.33386197,32829.09512207473,7,0,0,0,0,0,0,0,0,0
-75.1625767915256,-95.97601059841602,35072489.76143127,32777.88513065295,6,0,0,0,0,0,0,0,0,0
80.67533150642618,-11.616125526099026,35096761.30814149,32854.25535822509,3,1,0,0,0,0,0,0,0,0
-75.56192284301679,-46.07181800504732,35101979.31090149,32841.0794120721,4,0,0,0,0,0,0,0,0,0
-75.67631103519324,35.79255963140275,35109645.87590482,32860.843194412555,3,0,0,0,0,0,0,0,0,0
-75.44647730800807,85.67535824438343,35115293.61697575,32814.19582760777,6,1,0,0,0,0,0,0,0,0
-75.48256393335066,80.51691207770133,35116250.21077208,32824.19376408499,4,0,0,0,0,0,0,0,0,0
-75.75720940886711,-15.060951836895114,35176591.437954426,32892.08890356108,5,0,0,0,0,0,0,0,0,0
-75.94148012549027,-8.040294620767526,35330502.95382518,32962.46194732668,3,0,0,0,0,0,0,0,0,0
80.84872449890653,-41.62411370628756,35340194.73610634,32957.08840324703,3,3,0,0,0,0,0,0,0,0
80.99233836736238,-23.75016409477118,35408386.33001876,32999.53227838697,8,1,0,0,0,0,0,0,0,0
81.0885275770622,-21.735258818790726,35489870.168555,33037.91684118491,5,1,0,0,0,0,0,0,0,0
-75.69575920842306,-96.62137132941335,35555061.42930458,33002.69146310908,2,0,0,0,0,0,0,0,0,0
-76.167427790352,37.680930910764175,35556084.907876626,33069.00060285861,3,0,0,0,0,0,0,0,0,0
-76.18224564451921,-19.899859828603354,35569985.05309665,33075.443030526665,6,1,0,0,0,0,0,0,0,0
-76.2908648737422,9.85323586142384,35633952.07301905,33093.01648283315,2,0,0,0,0,0,0,0,0,0
-75.80402346176399,-98.90573988124929,35672314.91499691,33054.799026661094,2,0,0,0,0,0,0,0,0,0
81.16150543223984,-52.96861717962571,35674454.677733906,33099.80089872036,4,3,0,0,0,0,0,0,0,0
-76.05853055985784,-82.87059092267546,35770129.65871218,33113.0775467886,6,0,0,0,0,0,0,0,0,0
81.56443347203071,-28.018680822083226,35937985.52697529,33244.08073907498,3,0,0,0,0,0,0,0,0,0
-76.38633057243018,-68.46251610295313,35966343.1852299,33209.72135652363,2,1,0,0,0,0,0,0,0,0
-76.79093000305372,36.459280718870815,36118590.56950171,33329.64988200144,3,0,0,0,0,0,0,0,0,0
81.97305808296323,-0.3109785402149612,36257204.82364963,33387.99537338477,4,0,0,0,0,0,0,0,0,0
-76.80728071228026,71.51677401781069,36262803.23100201,33371.57467317552,5,0,0,0,0,0,0,0,0,0
-76.95380133667382,43.78448817257416,36285691.96421994,33405.38104957558,3,1,0,0,0,0,0,0,0,0
81.83800794808153,-61.79626310944264,36336038.50535565,33392.75960130368,5,0,0,0,0,0,0,0,0,0
-77.12001364132925,13.891558488253224,36388830.34581111,33445.297287846544,7,0,0,0,0,0,0,0,0,0
-77.59191881258863,-35.567256660348704,36901902.59014773,33683.17315794757,3,0,0,0,0,0,0,0,0,0
-77.65365908951149,44.8433828298285,36929930.70741209,33700.38020042466,3,0,0,0,0,0,0,0,0,0
82.7389282017507,51.57028214453939,37030060.72385964,33742.92012687983,6,0,0,0,0,0,0,0,0,0
82.97160443763607,7.304812369279006,37170515.97330993,33799.76905143788,7,0,0,0,0,0,0,0,0,0
-78.08060145054495,-1.6798343465850962,37275835.72828367,33854.53244357546,4,1,0,0,0,0,0,0,0,0
-78.10281245115323,34.494496655137226,37318357.51645304,33878.675726139496,4,1,0,0,0,0,0,0,0,0
-77.84752428658686,89.33975202721243,37320493.048553795,33826.299952393696,4,0,0,0,0,0,0,0,0,0
-78.15433998315702,61.18529058923548,37451058.97031042,33927.00808351516,6,0,0,0,0,0,0,0,0,0
-78.29553291748735,44.20849684099505,37521075.28851719,33969.332322185684,4,0,0,0,0,0,0,0,0,0
83.41705176906888,7.568474927779349,37583131.61239483,33986.59326808115,8,0,0,0,0,0,0,0,0,0
83.63783583593397,35.309819598225886,37816800.31065664,34104.20087069049,6,0,0,0,0,0,0,0,0,0
-78.94651529542318,-21.93159186896449,38115717.35902352,34238.468015946695,4,0,0,0,0,0,0,0,0,0
-78.62016953166678,-89.94961221152815,38173398.18984738,34205.079700871276,3,1,0,0,0,0,0,0,0,0
83.79125596240854,-85.08296732465932,38294375.81309415,34261.99389426075,2,1,0,0,0,0,0,0,0,0
-79.38406944125218,-31.498778053841804,38553950.946189314,34431.807943379754,3,2,0,0,0,0,0,0,0,0
-79.3052942627873,-53.36665753154439,38572163.01131572,34420.590247902204,4,0,0,0,0,0,0,0,0,0
84.41537358236513,51.92933465276812,38591697.22197757,34447.38623924612,1,0,0,0,0,0,0,0,0,0
-79.35448637795217,-78.88760134841903,38775594.2860405,34478.83811002927,1,1,0,0,0,0,0,0,0,0
-79.4887902322834,-95.23855559639023,39030701.029730044,34584.029983883636,5,0,0,0,0,0,0,0,0,0
-79.8583674194787,-43.50249961412298,39046866.93726558,34643.01681579518,2,0,0,0,0,0,0,0,0,0
84.977190876182,-9.921552660737134,39060954.49646097,34659.341720657176,4,0,0,0,0,0,0,0,0,0
-79.86221071314375,75.137335111792,39116823.77633639,34658.26583463217,2,0,0,0,0,0,0,0,0,0
-79.65627255374635,-86.60677708959844,39117775.79721598,34628.14225873477,6,0,0,0,0,0,0,0,0,0
-79.8312157912764,93.38866667627977,39200162.327263616,34667.61420078238,4,0,0,0,0,0,0,0,0,0
85.06348078928937,-34.6363910843331,39206090.306350306,34720.29832258588,6,0,0,0,0,0,0,0,0,0
-80.12856466384079,-22.225453649556144,39229709.65603386,34735.2226124627,6,1,0,0,0,0,0,0,0,0
84.9511419883786,97.5506385284919,39343105.118113734,34730.22926672773,2,1,0,0,0,0,0,0,0,0
-80.50052437475881,41.927545729046614,39587812.80080079,34893.147783127744,3,1,0,0,0,0,0,0,0,0
-80.32990287781656,83.09750565902772,39606058.78783701,34862.65671434198,2,0,0,0,0,0,0,0,0,0
-80.38043438616096,-71.64776336769287,39695681.69036698,34890.4302055553,4,0,0,0,0,0,0,0,0,0
85.50967218117998,69.53344274516994,39702312.78341268,34924.595758840755,1,0,0,0,0,0,0,0,0,0
-80.47112762238908,-76.84361084053415,39817488.17507043,34939.46217868024,1,1,0,0,0,0,0,0,0,0
-80.75466419662997,-46.288531426835334,39911216.18423416,35022.247494011426,3,1,0,0,0,0,0,0,0,0
85.85665962803887,47.42703061229574,39943971.82688753,35048.22407438862,3,0,0,0,0,0,0,0,0,0
-81.01960813909812,12.576089938988687,40040037.502076134,35081.8115083602,4,0,0,0,0,0,0,0,0,0
86.334640209604,-12.676813017455956,40361402.45380968,35232.225701051146,1,0,0,0,0,0,0,0,0,0
86.46114750018933,22.864643358738505,40471863.78376274,35277.54659343827,7,1,0,0,0,0,0,0,0,0
-81.08993917064427,-99.53458206153127,40589945.297002666,35266.19831951389,7,0,0,0,0,0,0,0,0,0
86.60747911921536,-17.59118386536649,40634141.304784104,35351.73241393581,5,0,0,0,0,0,0,0,0,0
-81.67209257586201,46.88095901613505,40726395.95705631,35390.15984087818,4,0,0,0,0,0,0,0,0,0
-81.68392983804935,79.45347163324519,40882512.764963746,35427.70400361397,1,0,0,0,0,0,0,0,0,0
-81.90578273090736,-7.380261836796038,40904690.381405905,35466.80900881789,2,1,0,0,0,0,0,0,0,0
-82.01223463596033,61.08710946719128,41108139.93603766,35547.22565657051,2,0,0,0,0,0,0,0,0,0
87.1082047025879,43.753101810725326,41139586.16069552,35570.199076897654,4,1,0,0,0,0,0,0,0,0
87.23049732200471,-36.593781877107155,41294166.70351272,35632.40265711908,3,0,0,0,0,0,0,0,0,0
-82.17072599907877,80.3287779641098,41359416.34575154,35633.0336975772,3,0,0,0,0,0,0,0,0,0
87.2852481109592,62.77798367886609,41380784.758811,35663.582190281726,3,0,0,0,0,0,0,0,0,0
87.44172336508143,32.45485330188259,41437208.489520244,35698.97866663608,3,1,0,0,0,0,0,0,0,0
-82.56868429750136,-30.041382419195912,41601042.62732894,35767.88878736976,1,1,0,0,0,0,0,0,0,0
87.54627689803104,-43.41053793474967,41629290.73355411,35771.84683510779,2,1,0,0,0,0,0,0,0,0
87.69513281622218,77.4720741485144,41854354.58545944,35850.42785696182,2,1,0,0,0,0,0,0,0,0
87.7097367353229,-81.98461083610971,42015819.78181638,35890.6237878733,1,1,0,0,0,0,0,0,0,0
-82.65847493653153,-95.32830992722619,42072544.24552422,35909.22745325186,5,0,0,0,0,0,0,0,0,0
88.22449959958908,-3.2040869825334966,42187586.16268587,36016.493918809945,3,1,0,0,0,0,0,0,0,0
-83.41410178144636,-25.24930717320821,42416370.37611466,36118.17205538067,0,1,0,0,0,0,0,0,0,0
-83.42361773666221,46.64437514626323,42435763.865834,36125.5638245444,1,1,0,0,0,0,0,0,0,0
-83.2763369662191,86.58503817737733,42479306.068493575,36103.6465639894,2,1,0,0,0,0,0,0,0,0
88.33032592887352,-93.86784777694608,42719542.99194192,36185.67978159995,0,0,0,0,0,0,0,0,0,0
-83.82525865402341,34.356175141391475,42801128.977196254,36281.96480983122,5,0,0,0,0,0,0,0,0,0
88.8344184316949,71.35898013626917,42943280.90463881,36322.81472144813,4,0,0,0,0,0,0,0,0,0
88.86528773811114,-70.47670881394284,43073425.63273758,36352.89755882062,5,1,0,0,0,0,0,0,0,0
-84.2380648286827,48.04776436256725,43247357.29386042,36469.0349924093,1,0,0,0,0,0,0,0,0,0
-84.10197213069787,-78.90591056763617,43366260.46517795,36463.34208233462,2,0,0,0,0,0,0,0,0,0
89.32224861418109,-40.898939394595544,43370796.45464704,36515.24335735065,4,0,0,0,0,0,0,0,0,0
89.50908574399827,11.356775509538949,43455362.68153988,36546.17278798881,3,0,0,0,0,0,0,0,0,0
-84.40838687886884,68.40726075380331,43499306.782593265,36560.92974987871,3,0,0,0,0,0,0,0,0,0
-84.56875627231351,8.894823463227695,43514758.603501506,36568.98281090844,3,0,0,0,0,0,0,0,0,0
89.47614009284052,66.49795398258837,43557779.55007922,36587.4767929756,2,0,0,0,0,0,0,0,0,0
89.33310953131183,-85.12708732142153,43642792.59970502,36578.62104605261,3,0,0,0,0,0,0,0,0,0
-84.9045656959373,3.8426834837358257,43852154.034263305,36715.074908809926,1,0,0,0,0,0,0,0,0,0
-85.05127794411544,7.8838657583862215,43998449.86375958,36772.6528707701,2,0,0,0,0,0,0,0,0,0
-85.12470541438178,-14.059716042394115,44094032.62467645,36825.43599008275,5,0,0,0,0,0,0,0,0,0
-84.94184502823308,-73.52962663002087,44167734.45368369,36808.10453848791,7,0,0,0,0,0,0,0,0,0
-85.56190123061171,63.65307433309988,44635582.39342551,37040.65159119001,5,0,0,0,0,0,0,0,0,0
90.57441431460458,-85.87880168341155,44894849.569744065,37099.74158855495,4,0,0,0,0,0,0,0,0,0
90.81322433046381,77.6304385527016,44960670.51696319,37160.1846573475,4,0,0,0,0,0,0,0,0,0
-86.0725010474874,-11.726506761961602,45048417.89735779,37221.17694670668,2,0,0,0,0,0,0,0,0,0
-86.1309670615999,49.83781536822377,45158650.18358111,37265.84398124018,3,0,0,0,0,0,0,0,0,0
-86.19672644332069,-28.136769838605773,45213752.003945515,37289.7618760333,3,0,0,0,0,0,0,0,0,0
91.40671093973737,-15.84119916469379,45396575.14791391,37365.65979385438,5,0,0,0,0,0,0,0,0,0
92.0427183839266,5.140958621424048,46023347.485662326,37611.80076262775,1,0,0,0,0,0,0,0,0,0
-86.8547438780777,-91.88980597118821,46247040.12609187,37652.95235895004,2,0,0,0,0,0,0,0,0,0
-87.4210512247612,25.300155686305786,46423359.40041288,37783.141670086006,5,0,0,0,0,0,0,0,0,0
-87.32105904461578,-44.2078682233316,46425376.16580081,37778.05266696196,3,0,0,0,0,0,0,0,0,0
-87.55581557265562,-8.434362778108252,46564148.76916299,37840.87690329347,1,0,0,0,0,0,0,0,0,0
92.84430949570628,15.006217948327503,46851900.103205,37950.61620614497,1,0,0,0,0,0,0,0,0,0
93.07609707323644,6.155520805997611,47091460.26579411,38044.805249953315,0,0,0,0,0,0,0,0,0,0
-88.14684561382002,3.7161860251134726,47165867.22357801,38076.9589717793,3,0,0,0,0,0,0,0,0,0
-88.29927352475737,-16.61537295588957,47350378.37745849,38161.31025335397,1,0,0,0,0,0,0,0,0,0
93.33045767657626,-19.19197219108615,47388573.79870337,38176.98419635312,0,0,0,0,0,0,0,0,0,0
93.55694947325674,57.86828209699095,47690365.06073338,38292.787060864815,1,0,0,0,0,0,0,0,0,0
-88.22636911247852,-99.51207402045368,47730282.738932446,38249.15851107739,1,0,0,0,0,0,0,0,0,0
93.35517984143345,-93.44861894560883,47812094.16154867,38284.811030556,2,0,0,0,0,0,0,0,0,0
-88.50018152707369,-74.96895410469182,47822211.83328335,38304.04519547565,2,0,0,0,0,0,0,0,0,0
93.9129408536188,22.76921483081489,47973083.07897072,38407.20437335071,2,0,0,0,0,0,0,0,0,0
93.73635364517335,-77.99071082002939,48090437.3144493,38406.259241792824,2,0,0,0,0,0,0,0,0,0
94.13299092204517,26.30952439267405,48208797.250357285,38503.165711651636,2,0,0,0,0,0,0,0,0,0
94.260567902838,0.10669895770089965,48334053.180367306,38548.33182023426,4,0,0,0,0,0,0,0,0,0
-89.00849256760519,-74.35532834886298,48350508.71818392,38516.922206743046,4,0,0,0,0,0,0,0,0,0
-89.58319283138032,-26.116458546504575,48721824.4596963,38710.05744772624,2,0,0,0,0,0,0,0,0,0
-89.41327707990692,91.02220954791736,48767643.24770288,38685.598583108826,0,0,0,0,0,0,0,0,0,0
-89.40010902729813,94.22442384236084,48775707.72436584,38683.27021530757,2,0,0,0,0,0,0,0,0,0
94.57284341934985,-62.732733141538446,48871293.74832257,38742.32696926848,1,0,0,0,0,0,0,0,0,0
94.87867925681795,46.48709047953443,49041745.548340894,38836.53237834307,2,0,0,0,0,0,0,0,0,0
94.9544592165484,18.011846927112614,49067856.89538667,38839.88471787744,0,0,0,0,0,0,0,0,0,0
-89.9904199313319,25.79652322326544,49114269.50277341,38862.772894382666,1,1,0,0,0,0,0,0,0,0
-90.04905780624898,59.09519911882336,49267873.986697085,38920.69947774341,1,0,0,0,0,0,0,0,0,0
95.1803024862499,-23.470566908200126,49347752.658060476,38958.19761113316,0,0,0,0,0,0,0,0,0,0
-90.29133537260532,72.46588762953817,49587875.89672456,39035.82674412376,0,0,0,0,0,0,0,0,0,0
-90.24100038307708,-94.26994660938264,49806378.6495703,39075.54799995437,3,0,0,0,0,0,0,0,0,0
-90.6279926611091,63.71929302308445,49904766.360269584,39168.4762106889,3,0,0,0,0,0,0,0,0,0
-90.59545233526755,92.15157760890759,50030702.608429186,39183.24155842128,3,0,0,0,0,0,0,0,0,0
-90.8194028171653,-35.39883636424062,50067674.33144497,39238.548019573675,1,0,0,0,0,0,0,0,0,0
-90.59780811706226,-84.89327401968171,50111192.592547245,39196.56361499107,3,0,0,0,0,0,0,0,0,0
95.90655821467143,-20.32799545942909,50115531.95853642,39260.082445621425,4,0,0,0,0,0,0,0,0,0
95.88477337288225,91.43628878858976,50335534.664050944,39304.041105399134,1,1,0,0,0,0,0,0,0,0
96.1088852470252,62.70672224685222,50415719.19246932,39369.43852599743,3,0,0,0,0,0,0,0,0,0
-91.175429186913,47.22244646825641,50428893.00341726,39381.90270497172,1,1,0,0,0,0,0,0,0,0
96.27721066626225,-61.3714001464595,50681545.9718791,39456.7998799766,1,0,0,0,0,0,0,0,0,0
96.22663940023875,-71.73017336893348,50691291.8335054,39445.91872146921,2,0,0,0,0,0,0,0,0,0
-91.32401147703857,-55.11699591224346,50697455.599910736,39470.20181626843,4,0,0,0,0,0,0,0,0,0
96.45925951984199,45.748705686779545,50730054.82238348,39499.63770402042,3,0,0,0,0,0,0,0,0,0
96.39943389072775,-78.0702930841892,50921005.82534355,39524.83252718984,2,0,0,0,0,0,0,0,0,0
96.44290155433251,95.88425974838245,50966546.49731883,39542.902912568046,2,1,0,0,0,0,0,0,0,0
-91.34485719274042,-96.5018690200008,51007716.8705936,39543.6559136255,2,0,0,0,0,0,0,0,0,0
-91.70133383827503,70.11321165247003,51089263.854441874,39625.673423727996,0,0,0,0,0,0,0,0,0,0
96.51120185013917,-94.45137530870231,51169518.52996943,39607.03649928427,2,0,0,0,0,0,0,0,0,0
97.18633138885937,-1.7416713831104147,51466708.48346455,39779.00085470405,1,0,0,0,0,0,0,0,0,0
-91.887953578841,-85.87396621928002,51507196.229913555,39738.78649461338,2,0,0,0,0,0,0,0,0,0
-91.99167175125709,93.704887256729,51544772.04912579,39771.207022784685,1,0,0,0,0,0,0,0,0,0
-92.72566023926075,22.886369519442667,52057803.433933586,40008.66367000895,0,0,0,0,0,0,0,0,0,0
-92.60087037418903,-79.37952791498502,52233816.212761976,40030.745085074384,4,0,0,0,0,0,0,0,0,0
-92.86065178993077,-28.25540696258919,52254480.02152033,40088.72915873352,0,0,0,0,0,0,0,0,0,0
97.73030707546786,-69.2853441883265,52306249.75355064,40075.01431588484,3,0,0,0,0,0,0,0,0,0
-92.7138946005199,-90.3861495416628,52442017.93704319,40097.5663916423,2,0,0,0,0,0,0,0,0,0
-93.25319454849408,-22.506353084597208,52668888.94990002,40247.84806345211,1,0,0,0,0,0,0,0,0,0
98.34926358164464,9.559505146520735,52733859.66417058,40257.250209437254,2,0,0,0,0,0,0,0,0,0
98.15469374805014,88.86377237175566,52781476.410466276,40254.83514655282,3,0,0,0,0,0,0,0,0,0
98.67658226019478,-6.472611725143707,53104442.22820403,40409.63716100695,3,0,0,0,0,0,0,0,0,0
-93.55054209392574,-54.33233273567302,53120006.4528818,40404.560012184484,2,0,0,0,0,0,0,0,0,0
-93.74848201891557,1.478256850713251,53176361.11144741,40431.88419109381,1,0,0,0,0,0,0,0,0,0
-93.9404275524289,-27.623283371814964,53441331.68196516,40541.60285539195,1,0,0,0,0,0,0,0,0,0
-94.0052747621225,-23.420761502106345,53501253.983510666,40564.63616159355,1,0,0,0,0,0,0,0,0,0
-93.85350300216768,82.3807664009185,53510920.09610838,40541.852027311346,1,0,0,0,0,0,0,0,0,0
-94.03121028355095,81.71049968085018,53703655.454870336,40615.81881877225,2,0,0,0,0,0,0,0,0,0
-94.23509899743007,20.070944831642024,53718104.82856259,40639.812523752276,1,0,0,0,0,0,0,0,0,0
98.98999364097094,-78.27595964414213,53753531.1484747,40613.07328885194,3,0,0,0,0,0,0,0,0,0
-94.04067601370451,-83.21427707064012,53846028.58727287,40639.29820282653,3,0,0,0,0,0,0,0,0,0
-94.26142463808421,78.27512046251078,53939079.465390995,40709.07346845788,2,0,0,0,0,0,0,0,0,0
99.50020415330204,-78.59184927703373,54322452.95164086,40827.67759366389,2,0,0,0,0,0,0,0,0,0
99.52200988101737,-78.6251615297887,54346977.030019775,40836.86931155708,0,1,0,0,0,0,0,0,0,0
-94.61161101054711,-96.83656161522465,54591273.54894218,40910.16308725438,0,0,0,0,0,0,0,0,0,0
-95.33465394180949,16.147094673167643,54943190.31783713,41097.70175023315,1,0,0,0,0,0,0,0,0,0
-95.9683084556595,-42.90114742396109,55765527.49374337,41408.59069880095,4,0,0,0,0,0,0,0,0,0
-96.02888619360392,86.89828047955555,55972377.54569789,41460.030481793205,3,0,0,0,0,0,0,0,0,0
-96.26491167220605,-11.406454597950315,56007948.00249073,41501.6693569245,3,0,0,0,0,0,0,0,0,0
-96.30672289098278,-39.79463879872591,56135908.71152978,41547.6182530115,1,0,0,0,0,0,0,0,0,0
-98.03932447048686,-17.954464234822765,58050602.35982537,42253.47074183931,1,0,0,0,0,0,0,0,0,0
-98.34296391612337,76.80342067970432,58560290.809860975,42421.84826545152,1,0,0,0,0,0,0,0,0,0
-98.62481774388914,-39.79135973755832,58796157.57202435,42521.214812171005,0,0,0,0,0,0,0,0,0,0
-98.9638396506959,-59.225482146831745,59283631.1162215,42683.038135439114,0,0,0,0,0,0,0,0,0,0
-99.51729056112507,10.971896481156065,59739367.694910534,42849.233932153664,0,0,0,0,0,0,0,0,0,0
-99.58814005686116,-25.423632578994628,59870797.51882305,42911.44245646068,2,1,0,0,0,0,0,0,0,0
-99.89342085031217,-2.157485306312907,60185632.584496066,43016.39424243741,2,0,0,0,0,0,0,0,0,0
-99.99120733711607,1.0943113245253784,60298091.61379994,43054.212770264225,1,0,0,0,0,0,0,0,0,0
-99.93983026985688,-78.90374627199883,60551903.872570805,43112.632459611894,1,0,0,0,0,0,0,0,0,0
